condition,seq,x_raw_mm,y_raw_mm,z_raw_mm,x_cam_mm,y_cam_mm,z_cam_mm,x_local_mm,y_local_mm,z_local_mm,status
WELD_D04_L1_A000,0,138.527,-3.803,-406.66,138.527,3.803,406.66,0.0,0.0,0.0,정상
WELD_D04_L1_A000,1,123.404,-4.247,-405.901,123.404,4.247,405.901,15.131,0.353,-0.63,정상
WELD_D04_L1_A000,2,98.535,-3.264,-405.015,98.535,3.264,405.015,40.027,0.379,-0.005,정상
WELD_D04_L1_A000,3,44.314,-3.739,-404.528,44.314,3.739,404.528,94.224,-0.702,-1.406,정상
WELD_D04_L1_A000,4,-4.929,-2.229,-402.431,-4.929,2.229,402.431,143.526,-0.26,-0.564,정상
WELD_D04_L1_A000,5,-45.846,-2.709,-399.08,-45.846,2.709,399.08,184.517,1.901,-1.407,정상
WELD_D04_L1_A000,6,-55.101,-1.716,-398.734,-55.101,1.716,398.734,193.792,1.856,-0.549,정상
WELD_D04_L1_A000,7,-84.4,-0.988,-398.583,-84.4,0.988,398.583,223.088,1.05,-0.34,정상
WELD_D04_L1_A000,8,-119.48,-0.919,-396.096,-119.48,0.919,396.096,258.226,2.466,-0.629,정상
WELD_D04_L1_A000,9,-129.236,-0.209,-395.958,-129.236,0.209,395.958,267.991,2.231,-0.085,정상
WELD_D04_L1_A000,10,-153.715,0.31,-397.41,-153.715,-0.31,397.41,292.417,-0.0,-0.177,정상
WELD_D04_L1_A010,0,-155.731,-20.516,-372.813,-155.731,20.516,372.813,0.0,0.0,0.0,정상
WELD_D04_L1_A010,1,-121.725,-15.752,-378.3,-121.725,15.752,378.3,34.74,1.452,0.471,정상
WELD_D04_L1_A010,2,-79.09,-10.265,-388.643,-79.09,10.265,388.643,78.927,-0.056,0.188,정상
WELD_D04_L1_A010,3,-63.627,-7.741,-391.319,-63.627,7.741,391.319,94.808,0.587,0.011,정상
WELD_D04_L1_A010,4,-39.468,-5.026,-396.364,-39.468,5.026,396.364,119.63,0.31,0.515,정상
WELD_D04_L1_A010,5,28.188,5.292,-408.547,28.188,-5.292,408.547,189.113,2.396,0.212,정상
WELD_D04_L1_A010,6,66.189,9.572,-417.363,66.189,-9.572,417.363,228.335,1.167,0.665,정상
WELD_D04_L1_A010,7,105.766,15.908,-424.546,105.766,-15.908,424.546,269.031,2.46,0.195,정상
WELD_D04_L1_A010,8,120.108,17.913,-428.071,120.108,-17.913,428.071,283.925,1.976,-0.062,정상
WELD_D04_L1_A010,9,132.924,18.632,-432.446,132.924,-18.632,432.446,297.339,0.0,0.215,정상
WELD_D04_L1_A020,0,124.658,22.756,-433.574,124.658,-22.756,433.574,0.0,0.0,0.0,정상
WELD_D04_L1_A020,1,106.586,19.285,-427.108,106.586,-19.285,427.108,19.453,1.389,0.323,정상
WELD_D04_L1_A020,2,82.807,14.594,-421.693,82.807,-14.594,421.693,44.249,0.25,1.114,정상
WELD_D04_L1_A020,3,63.755,9.845,-416.056,63.755,-9.845,416.056,64.671,0.357,0.6,정상
WELD_D04_L1_A020,4,31.794,2.919,-404.773,31.794,-2.919,404.773,99.198,2.499,0.445,정상
WELD_D04_L1_A020,5,-1.15,-3.83,-396.841,-1.15,3.83,396.841,133.719,1.275,1.235,정상
WELD_D04_L1_A020,6,-57.533,-17.223,-382.009,-57.533,17.223,382.009,193.521,-0.024,0.635,정상
WELD_D04_L1_A020,7,-84.937,-22.914,-373.747,-84.937,22.914,373.747,222.697,0.524,0.959,정상
WELD_D04_L1_A020,8,-130.801,-33.956,-360.059,-130.801,33.956,360.059,271.807,0.979,0.075,정상
WELD_D04_L1_A020,9,-149.391,-37.944,-355.845,-149.391,37.944,355.845,291.254,-0.0,0.392,정상
WELD_D04_L1_A030,0,127.26,66.221,-458.148,127.26,-66.221,458.148,0.0,0.0,0.0,정상
WELD_D04_L1_A030,1,124.011,63.172,-459.318,124.011,-63.172,459.318,3.491,3.0,-0.195,정상
WELD_D04_L1_A030,2,109.745,52.092,-459.628,109.745,-52.092,459.628,19.714,10.947,-0.289,정상
WELD_D04_L1_A030,3,75.987,37.909,-443.456,75.987,-37.909,443.456,59.697,9.064,-0.6,정상
WELD_D04_L1_A030,4,43.223,22.806,-426.046,43.223,-22.806,426.046,99.659,6.696,0.86,정상
WELD_D04_L1_A030,5,5.518,5.84,-408.657,5.518,-5.84,408.657,144.504,5.81,0.963,정상
WELD_D04_L1_A030,6,-15.51,-1.875,-398.404,-15.51,1.875,398.404,169.041,3.813,0.083,정상
WELD_D04_L1_A030,7,-40.304,-13.432,-385.116,-40.304,13.432,385.116,199.374,2.01,1.331,정상
WELD_D04_L1_A030,8,-61.4,-21.786,-375.591,-61.4,21.786,375.591,223.947,0.982,0.502,정상
WELD_D04_L1_A030,9,-77.723,-28.886,-366.95,-77.723,28.886,366.95,243.679,-0.431,0.919,정상
WELD_D04_L1_A030,10,-103.893,-39.578,-355.753,-103.893,39.578,355.753,274.06,-1.016,-0.183,정상
WELD_D04_L1_A030,11,-117.47,-44.915,-351.775,-117.47,44.915,351.775,289.06,-0.0,-1.793,정상
WELD_D04_L1_A040,0,-121.727,-59.981,-333.696,-121.727,59.981,333.696,0.0,0.0,0.0,정상
WELD_D04_L1_A040,1,-106.641,-51.338,-342.77,-106.641,51.338,342.77,19.564,-0.89,-1.055,정상
WELD_D04_L1_A040,2,-81.499,-34.88,-359.455,-81.499,34.88,359.455,53.922,-1.836,-0.998,정상
WELD_D04_L1_A040,3,-61.114,-21.627,-375.52,-61.114,21.627,375.52,83.027,-0.403,-0.731,정상
WELD_D04_L1_A040,4,-38.233,-7.645,-390.184,-38.233,7.645,390.184,113.566,-1.322,-1.532,정상
WELD_D04_L1_A040,5,-6.85,12.304,-414.477,-6.85,-12.304,414.477,157.939,0.685,-1.533,정상
WELD_D04_L1_A040,6,14.973,26.196,-427.92,14.973,-26.196,427.92,187.049,-0.87,-1.917,정상
WELD_D04_L1_A040,7,39.291,42.93,-446.456,39.291,-42.93,446.456,221.882,-0.055,-0.936,정상
WELD_D04_L1_A040,8,56.006,54.899,-457.673,56.006,-54.899,457.673,245.267,-0.975,-0.067,정상
WELD_D04_L1_A040,9,71.42,64.55,-468.169,71.42,-64.55,468.169,266.262,-1.157,-0.351,정상
WELD_D04_L1_A040,10,85.503,72.778,-479.044,85.503,-72.778,479.044,285.823,0.0,-0.93,정상
WELD_D04_L1_A050,0,-108.002,-60.856,-332.332,-108.002,60.856,332.332,0.0,0.0,0.0,정상
WELD_D04_L1_A050,1,-97.237,-52.067,-340.162,-97.237,52.067,340.162,15.857,1.684,-0.396,정상
WELD_D04_L1_A050,2,-85.226,-42.92,-351.315,-85.226,42.92,351.315,34.594,1.887,0.704,정상
WELD_D04_L1_A050,3,-73.145,-31.761,-362.189,-73.145,31.761,362.189,54.295,2.247,0.02,정상
WELD_D04_L1_A050,4,-43.363,-5.328,-392.418,-43.363,5.328,392.418,104.264,0.764,0.634,정상
WELD_D04_L1_A050,5,-12.305,20.815,-419.908,-12.305,-20.815,419.908,153.273,2.129,0.829,정상
WELD_D04_L1_A050,6,3.305,35.772,-435.138,3.305,-35.772,435.138,179.701,1.736,-0.027,정상
WELD_D04_L1_A050,7,12.361,43.825,-444.628,12.361,-43.825,444.628,195.076,1.074,0.268,정상
WELD_D04_L1_A050,8,27.424,56.781,-457.316,27.424,-56.781,457.316,218.62,2.179,-0.133,정상
WELD_D04_L1_A050,9,54.133,80.557,-484.138,54.133,-80.557,484.138,263.304,1.05,0.242,정상
WELD_D04_L1_A050,10,59.558,86.239,-489.716,59.558,-86.239,489.716,272.915,0.69,-0.347,정상
WELD_D04_L1_A050,11,68.486,93.59,-499.162,68.486,-93.59,499.162,287.808,0.0,0.476,정상
WELD_D04_L1_A130,0,99.926,-84.667,-323.41,99.926,84.667,323.41,0.0,0.0,0.0,정상
WELD_D04_L1_A130,1,89.709,-75.789,-329.513,89.709,75.789,329.513,14.747,-1.61,-0.635,정상
WELD_D04_L1_A130,2,80.247,-67.662,-337.393,80.247,67.662,337.393,29.494,-1.203,-0.794,정상
WELD_D04_L1_A130,3,59.899,-51.351,-352.214,59.899,51.351,352.214,59.48,-1.912,-0.518,정상
WELD_D04_L1_A130,4,-1.7,-0.336,-400.45,-1.7,0.336,400.45,152.88,-1.509,-0.489,정상
WELD_D04_L1_A130,5,-17.19,12.991,-414.178,-17.19,-12.991,414.178,177.459,-0.148,-0.638,정상
WELD_D04_L1_A130,6,-34.042,26.221,-425.291,-34.042,-26.221,425.291,201.546,-1.666,-0.364,정상
WELD_D04_L1_A130,7,-53.456,42.661,-441.18,-53.456,-42.661,441.18,231.532,-1.024,-0.544,정상
WELD_D04_L1_A130,8,-66.68,53.832,-450.544,-66.68,-53.832,450.544,251.195,-1.814,-0.872,정상
WELD_D04_L1_A130,9,-83.793,66.523,-463.815,-83.793,-66.523,463.815,276.265,-1.545,0.326,정상
WELD_D04_L1_A130,10,-94.411,77.134,-474.266,-94.411,-77.134,474.266,294.454,0.0,-0.819,정상
WELD_D04_L1_A140,0,108.791,-73.816,-334.261,108.791,73.816,334.261,0.0,0.0,0.0,정상
WELD_D04_L1_A140,1,88.78,-63.047,-343.926,88.78,63.047,343.926,24.64,-1.513,-0.625,정상
WELD_D04_L1_A140,2,77.138,-55.38,-349.489,77.138,55.38,349.489,39.617,-1.291,-1.575,정상
WELD_D04_L1_A140,3,53.841,-41.488,-363.342,53.841,41.488,363.342,70.055,-1.535,-0.505,정상
WELD_D04_L1_A140,4,26.596,-25.357,-377.767,26.596,25.357,377.767,104.841,-2.213,-0.79,정상
WELD_D04_L1_A140,5,11.298,-15.883,-387.187,11.298,15.883,387.187,125.132,-2.038,0.066,정상
WELD_D04_L1_A140,6,-7.291,-3.241,-397.328,-7.291,3.241,397.328,149.772,-1.153,-0.484,정상
WELD_D04_L1_A140,7,-30.759,10.653,-409.733,-30.759,-10.653,409.733,179.727,-1.742,-0.746,정상
WELD_D04_L1_A140,8,-49.873,22.155,-421.336,-49.873,-22.155,421.336,204.85,-1.818,0.302,정상
WELD_D04_L1_A140,9,-99.593,54.276,-447.616,-99.593,-54.276,447.616,269.59,-0.937,-1.275,정상
WELD_D04_L1_A140,10,-114.081,64.135,-456.935,-114.081,-64.135,456.935,289.398,0.0,-0.448,정상
WELD_D04_L1_A150,0,111.685,-59.332,-351.942,111.685,59.332,351.942,0.0,0.0,0.0,정상
WELD_D04_L1_A150,1,99.51,-52.373,-355.455,99.51,52.373,355.455,14.276,-2.082,-0.937,정상
WELD_D04_L1_A150,2,87.174,-46.009,-360.555,87.174,46.009,360.555,29.039,-2.924,-0.816,정상
WELD_D04_L1_A150,3,71.693,-37.351,-369.136,71.693,37.351,369.136,48.721,-2.01,-0.613,정상
WELD_D04_L1_A150,4,6.774,-2.918,-400.062,6.774,2.918,400.062,128.439,-2.781,0.402,정상
WELD_D04_L1_A150,5,-47.599,28.21,-427.534,-47.599,-28.21,427.534,196.84,-1.821,-0.317,정상
WELD_D04_L1_A150,6,-75.248,43.143,-440.412,-75.248,-43.143,440.412,230.795,-2.377,-0.21,정상
WELD_D04_L1_A150,7,-94.039,55.142,-450.961,-94.039,-55.142,450.961,255.399,-0.998,-1.25,정상
WELD_D04_L1_A150,8,-125.577,71.913,-467.557,-125.577,-71.913,467.557,294.764,0.0,-0.326,정상
WELD_D04_L1_A160,0,-142.961,43.233,-437.231,-142.961,-43.233,437.231,0.0,0.0,0.0,정상
WELD_D04_L1_A160,1,-124.07,37.824,-430.784,-124.07,-37.824,430.784,20.579,1.981,-0.497,정상
WELD_D04_L1_A160,2,-88.249,26.392,-421.603,-88.249,-26.392,421.603,59.268,2.897,0.133,정상
WELD_D04_L1_A160,3,-12.486,3.926,-404.797,-12.486,-3.926,404.797,140.057,2.173,0.21,정상
WELD_D04_L1_A160,4,19.271,-4.636,-397.007,19.271,4.636,397.007,173.844,2.517,-0.686,정상
WELD_D04_L1_A160,5,52.323,-15.125,-390.535,52.323,15.125,390.535,209.093,1.428,0.132,정상
WELD_D04_L1_A160,6,75.563,-22.216,-384.744,75.563,22.216,384.744,234.068,1.836,0.253,정상
WELD_D04_L1_A160,7,99.428,-28.742,-380.994,99.428,28.742,380.994,259.028,0.072,-0.024,정상
WELD_D04_L1_A160,8,118.099,-34.146,-375.892,118.099,34.146,375.892,279.109,0.809,-0.273,정상
WELD_D04_L1_A160,9,131.59,-37.999,-373.591,131.59,37.999,373.591,293.303,-0.0,-0.298,정상
WELD_D04_L1_A170,0,133.219,-27.223,-384.075,133.219,27.223,384.075,0.0,0.0,0.0,정상
WELD_D04_L1_A170,1,119.194,-24.636,-384.553,119.194,24.636,384.553,14.214,-1.26,0.054,정상
WELD_D04_L1_A170,2,103.967,-21.268,-386.365,103.967,21.268,386.365,29.908,-1.342,-0.398,정상
WELD_D04_L1_A170,3,60.622,-13.522,-394.1,60.622,13.522,394.1,74.55,0.97,0.199,정상
WELD_D04_L1_A170,4,16.79,-5.535,-397.334,16.79,5.535,397.334,119.164,-1.243,0.516,정상
WELD_D04_L1_A170,5,-2.791,-1.878,-400.113,-2.791,1.878,400.113,139.273,-0.907,0.61,정상
WELD_D04_L1_A170,6,-22.437,2.237,-401.597,-22.437,-2.237,401.597,159.375,-1.862,0.227,정상
WELD_D04_L1_A170,7,-37.201,4.913,-404.187,-37.201,-4.913,404.187,174.582,-1.118,0.393,정상
WELD_D04_L1_A170,8,-71.14,11.535,-408.273,-71.14,-11.535,408.273,209.401,-1.26,0.255,정상
WELD_D04_L1_A170,9,-90.822,15.496,-409.71,-90.822,-15.496,409.71,229.503,-2.266,0.028,정상
WELD_D04_L1_A170,10,-119.506,21.064,-413.177,-119.506,-21.064,413.177,258.927,-2.372,-0.059,정상
WELD_D04_L1_A170,11,-153.134,27.775,-419.756,-153.134,-27.775,419.756,293.761,0.0,-0.268,정상
WELD_D04_L2_A000,0,134.975,-1.518,-408.529,134.975,1.518,408.529,0.0,0.0,0.0,정상
WELD_D04_L2_A000,1,120.766,-2.991,-406.977,120.766,2.991,406.977,14.252,-1.795,0.391,정상
WELD_D04_L2_A000,2,89.364,-3.209,-405.164,89.364,3.209,405.164,45.701,-2.388,0.576,정상
WELD_D04_L2_A000,3,66.282,-2.004,-404.596,66.282,2.004,404.596,68.794,-1.284,0.436,정상
WELD_D04_L2_A000,4,51.509,-1.995,-404.805,51.509,1.995,404.805,83.537,-0.804,1.272,정상
WELD_D04_L2_A000,5,25.046,-1.69,-402.782,25.046,1.69,402.782,110.07,-1.241,0.736,정상
WELD_D04_L2_A000,6,4.901,-1.931,-402.141,4.901,1.931,402.141,130.218,-1.369,1.321,정상
WELD_D04_L2_A000,7,-20.102,-0.971,-400.589,-20.102,0.971,400.589,155.277,-1.033,0.666,정상
WELD_D04_L2_A000,8,-44.645,-1.934,-399.16,-44.645,1.934,399.16,179.847,-2.117,1.304,정상
WELD_D04_L2_A000,9,-68.189,-0.709,-398.025,-68.189,0.709,398.025,203.432,-1.347,0.735,정상
WELD_D04_L2_A000,10,-98.557,-0.696,-395.302,-98.557,0.696,395.302,233.896,-2.363,0.023,정상
WELD_D04_L2_A000,11,-143.222,1.256,-393.605,-143.222,-1.256,393.605,278.61,-0.899,-0.467,정상
WELD_D04_L2_A000,12,-159.024,1.088,-394.653,-159.024,-1.088,394.653,294.336,-0.0,1.175,정상
WELD_D04_L2_A010,0,131.748,19.373,-431.444,131.748,-19.373,431.444,0.0,0.0,0.0,정상
WELD_D04_L2_A010,1,113.121,17.781,-426.789,113.121,-17.781,426.789,19.22,-1.092,-0.758,정상
WELD_D04_L2_A010,2,84.37,13.085,-421.638,84.37,-13.085,421.638,48.788,-0.381,-0.084,정상
WELD_D04_L2_A010,3,60.685,10.431,-417.643,60.685,-10.431,417.643,72.937,0.212,-0.751,정상
WELD_D04_L2_A010,4,-10.889,0.786,-401.809,-10.889,-0.786,401.809,146.857,-1.323,-0.569,정상
WELD_D04_L2_A010,5,-45.542,-4.417,-396.088,-45.542,4.417,396.088,182.339,-0.082,-0.282,정상
WELD_D04_L2_A010,6,-64.128,-6.412,-391.507,-64.128,6.412,391.507,201.559,-1.032,-0.654,정상
WELD_D04_L2_A010,7,-112.461,-13.933,-382.248,-112.461,13.933,382.248,251.331,-0.49,0.215,정상
WELD_D04_L2_A010,8,-140.62,-17.285,-375.754,-140.62,17.285,375.754,280.407,-1.435,-0.101,정상
WELD_D04_L2_A010,9,-155.368,-18.721,-374.41,-155.368,18.721,374.41,295.193,-0.0,-0.914,정상
WELD_D04_L2_A020,0,128.258,24.908,-436.268,128.258,-24.908,436.268,0.0,0.0,0.0,정상
WELD_D04_L2_A020,1,110.966,21.65,-429.353,110.966,-21.65,429.353,18.797,-2.017,-0.248,정상
WELD_D04_L2_A020,2,82.866,14.886,-422.534,82.866,-14.886,422.534,48.466,-0.752,-0.123,정상
WELD_D04_L2_A020,3,31.274,3.505,-405.777,31.274,-3.505,405.777,103.858,-2.692,-0.049,정상
WELD_D04_L2_A020,4,-48.247,-14.852,-385.472,-48.247,14.852,385.472,187.923,-0.264,-0.239,정상
WELD_D04_L2_A020,5,-76.038,-20.402,-376.596,-76.038,20.402,376.596,217.597,-1.316,-0.777,정상
WELD_D04_L2_A020,6,-127.304,-32.541,-361.149,-127.304,32.541,361.149,272.491,-1.896,-0.155,정상
WELD_D04_L2_A020,7,-136.113,-35.254,-359.134,-136.113,35.254,359.134,281.886,-1.232,0.419,정상
WELD_D04_L2_A020,8,-150.018,-38.01,-356.563,-150.018,38.01,356.563,296.224,-0.0,-0.233,정상
WELD_D04_L2_A030,0,-115.473,-45.832,-350.757,-115.473,45.832,350.757,0.0,0.0,0.0,정상
WELD_D04_L2_A030,1,-94.356,-36.978,-360.406,-94.356,36.978,360.406,24.838,0.612,0.344,정상
WELD_D04_L2_A030,2,-77.723,-29.408,-367.272,-77.723,29.408,367.272,44.322,1.77,-0.043,정상
WELD_D04_L2_A030,3,-62.047,-21.861,-376.104,-62.047,21.861,376.104,63.802,0.741,-0.461,정상
WELD_D04_L2_A030,4,-44.748,-15.019,-383.451,-44.748,15.019,383.451,83.77,1.737,0.124,정상
WELD_D04_L2_A030,5,-24.468,-6.106,-394.752,-24.468,6.106,394.752,108.606,0.499,0.357,정상
WELD_D04_L2_A030,6,17.754,12.011,-413.709,17.754,-12.011,413.709,158.284,2.036,0.611,정상
WELD_D04_L2_A030,7,50.519,27.218,-430.772,50.519,-27.218,430.772,198.219,1.133,0.071,정상
WELD_D04_L2_A030,8,90.602,44.484,-452.469,90.602,-44.484,452.469,246.917,-0.744,0.767,정상
WELD_D04_L2_A030,9,115.815,56.174,-463.118,115.815,-56.174,463.118,276.629,0.799,0.015,정상
WELD_D04_L2_A030,10,127.876,62.261,-469.929,127.876,-62.261,469.929,291.727,-0.0,-0.564,정상
WELD_D04_L2_A040,0,-121.794,-60.282,-334.017,-121.794,60.282,334.017,0.0,0.0,0.0,정상
WELD_D04_L2_A040,1,-107.982,-50.508,-343.971,-107.982,50.508,343.971,19.615,0.233,-0.763,정상
WELD_D04_L2_A040,2,-96.271,-43.811,-351.057,-96.271,43.811,351.057,34.811,1.121,-0.059,정상
WELD_D04_L2_A040,3,-81.426,-33.987,-360.461,-81.426,33.987,360.461,54.91,2.28,-0.291,정상
WELD_D04_L2_A040,4,-57.161,-18.934,-378.655,-57.161,18.934,378.655,88.755,1.461,0.128,정상
WELD_D04_L2_A040,5,-34.409,-4.345,-393.65,-34.409,4.345,393.65,119.643,2.6,0.156,정상
WELD_D04_L2_A040,6,-16.897,6.476,-407.013,-16.897,-6.476,407.013,144.17,1.797,0.491,정상
WELD_D04_L2_A040,7,33.838,39.202,-442.691,33.838,-39.202,442.691,214.295,2.477,0.357,정상
WELD_D04_L2_A040,8,55.126,54.165,-457.501,55.126,-54.165,457.501,244.205,3.262,-0.727,정상
WELD_D04_L2_A040,9,79.3,69.255,-475.788,79.3,-69.255,475.788,278.051,2.335,-0.39,정상
WELD_D04_L2_A040,10,89.813,75.544,-485.905,89.813,-75.544,485.905,293.763,0.0,-0.047,정상
WELD_D04_L2_A050,0,-109.319,-61.426,-332.145,-109.319,61.426,332.145,0.0,0.0,0.0,정상
WELD_D04_L2_A050,1,-98.251,-53.421,-339.847,-98.251,53.421,339.847,15.547,1.809,-0.956,정상
WELD_D04_L2_A050,2,-74.357,-32.486,-362.666,-74.357,32.486,362.666,54.66,1.808,-0.648,정상
WELD_D04_L2_A050,3,-62.859,-21.059,-375.702,-62.859,21.059,375.702,75.398,0.433,0.201,정상
WELD_D04_L2_A050,4,-50.18,-11.466,-385.922,-50.18,11.466,385.922,94.244,1.846,-0.104,정상
WELD_D04_L2_A050,5,-34.932,1.641,-400.747,-34.932,-1.641,400.747,119.219,1.905,0.453,정상
WELD_D04_L2_A050,6,-15.405,17.466,-417.465,-15.405,-17.466,417.465,149.375,3.202,0.056,정상
WELD_D04_L2_A050,7,-3.877,28.525,-429.178,-3.877,-28.525,429.178,169.17,2.457,0.131,정상
WELD_D04_L2_A050,8,29.671,59.087,-460.511,29.671,-59.087,460.511,224.309,2.024,-0.709,정상
WELD_D04_L2_A050,9,63.542,91.336,-494.826,63.542,-91.336,494.826,282.28,0.0,-0.41,정상
WELD_D04_L2_A130,0,-93.881,76.737,-474.425,-93.881,-76.737,474.425,0.0,0.0,0.0,정상
WELD_D04_L2_A130,1,-79.628,63.76,-460.669,-79.628,-63.76,460.669,23.582,2.151,0.206,정상
WELD_D04_L2_A130,2,-52.154,42.533,-440.245,-52.154,-42.533,440.245,63.85,1.483,-0.557,정상
WELD_D04_L2_A130,3,-37.403,28.929,-426.842,-37.403,-28.929,426.842,87.922,3.05,0.079,정상
WELD_D04_L2_A130,4,-10.489,7.859,-408.402,-10.489,-7.859,408.402,126.713,1.154,0.082,정상
WELD_D04_L2_A130,5,18.178,-16.654,-385.333,18.178,16.654,385.333,170.918,1.846,0.688,정상
WELD_D04_L2_A130,6,41.807,-35.128,-366.581,41.807,35.128,366.581,206.278,2.209,-0.178,정상
WELD_D04_L2_A130,7,58.248,-48.864,-354.561,58.248,48.864,354.561,230.833,1.648,0.3,정상
WELD_D04_L2_A130,8,75.364,-61.499,-342.254,75.364,61.499,342.254,255.385,0.903,-0.532,정상
WELD_D04_L2_A130,9,91.224,-74.934,-329.158,91.224,74.934,329.158,279.943,1.549,-0.413,정상
WELD_D04_L2_A130,10,101.248,-83.404,-323.355,101.248,83.404,323.355,294.181,-0.0,0.465,정상
WELD_D04_L2_A140,0,-118.721,66.543,-463.182,-118.721,-66.543,463.182,0.0,0.0,0.0,정상
WELD_D04_L2_A140,1,-105.978,57.361,-452.279,-105.978,-57.361,452.279,18.845,3.227,-0.062,정상
WELD_D04_L2_A140,2,-98.28,52.462,-447.244,-98.28,-52.462,447.244,29.251,3.811,-0.12,정상
WELD_D04_L2_A140,3,-78.762,41.38,-437.911,-78.762,-41.38,437.911,53.51,2.277,-0.23,정상
WELD_D04_L2_A140,4,-67.207,33.524,-431.501,-67.207,-33.524,431.501,68.864,2.265,0.526,정상
WELD_D04_L2_A140,5,-40.208,17.76,-417.66,-40.208,-17.76,417.66,103.03,0.969,0.426,정상
WELD_D04_L2_A140,6,-21.446,5.78,-405.641,-21.446,-5.78,405.641,128.299,2.187,0.409,정상
WELD_D04_L2_A140,7,-13.234,1.415,-400.947,-13.234,-1.415,400.947,138.7,2.14,-0.167,정상
WELD_D04_L2_A140,8,5.809,-10.668,-390.697,5.809,10.668,390.697,163.463,1.751,0.434,정상
WELD_D04_L2_A140,9,24.894,-21.63,-380.456,24.894,21.63,380.456,187.728,1.192,0.045,정상
WELD_D04_L2_A140,10,78.322,-54.584,-349.842,78.322,54.584,349.842,257.568,1.521,0.251,정상
WELD_D04_L2_A140,11,98.647,-65.769,-339.768,98.647,65.769,339.768,282.819,0.173,-0.3,정상
WELD_D04_L2_A140,12,109.28,-72.56,-333.999,109.28,72.56,333.999,296.686,0.0,0.059,정상
WELD_D04_L2_A150,0,112.515,-58.643,-352.607,112.515,58.643,352.607,0.0,0.0,0.0,정상
WELD_D04_L2_A150,1,100.469,-51.062,-355.59,100.469,51.062,355.59,14.253,-2.865,-0.36,정상
WELD_D04_L2_A150,2,92.657,-46.883,-358.594,92.657,46.883,358.594,23.583,-3.508,-0.138,정상
WELD_D04_L2_A150,3,60.423,-29.96,-375.834,60.423,29.96,375.834,63.82,-1.653,0.312,정상
WELD_D04_L2_A150,4,-23.07,15.843,-415.293,-23.07,-15.843,415.293,166.9,-2.219,0.62,정상
WELD_D04_L2_A150,5,-42.447,26.617,-425.865,-42.447,-26.617,425.865,191.436,-1.111,0.36,정상
WELD_D04_L2_A150,6,-73.939,44.699,-440.83,-73.939,-44.699,440.83,230.707,-1.514,-0.208,정상
WELD_D04_L2_A150,7,-101.423,59.482,-455.237,-101.423,-59.482,455.237,265.058,-0.315,-0.074,정상
WELD_D04_L2_A150,8,-113.85,66.502,-460.562,-113.85,-66.502,460.562,280.278,-0.964,-0.115,정상
WELD_D04_L2_A150,9,-124.661,72.343,-466.78,-124.661,-72.343,466.78,294.016,-0.0,-0.166,정상
WELD_D04_L2_A160,0,133.928,-40.637,-375.843,133.928,40.637,375.843,0.0,0.0,0.0,정상
WELD_D04_L2_A160,1,120.054,-35.863,-375.961,120.054,35.863,375.961,14.378,-2.768,-0.945,정상
WELD_D04_L2_A160,2,115.415,-34.381,-376.865,115.415,34.381,376.865,19.33,-2.866,-1.025,정상
WELD_D04_L2_A160,3,92.213,-27.921,-382.644,92.213,27.921,382.644,44.08,-2.221,-0.334,정상
WELD_D04_L2_A160,4,32.378,-9.407,-395.174,32.378,9.407,395.174,107.953,-2.697,-0.668,정상
WELD_D04_L2_A160,5,-19.542,4.876,-406.251,-19.542,-4.876,406.251,162.908,-3.063,0.773,정상
WELD_D04_L2_A160,6,-78.21,23.358,-421.657,-78.21,-23.358,421.657,226.266,-0.481,0.587,정상
WELD_D04_L2_A160,7,-120.25,37.429,-429.893,-120.25,-37.429,429.893,271.33,-1.276,-0.746,정상
WELD_D04_L2_A160,8,-143.419,45.358,-436.188,-143.419,-45.358,436.188,296.574,0.0,-1.389,정상
WELD_D04_L2_A170,0,-153.585,28.053,-420.78,-153.585,-28.053,420.78,0.0,0.0,0.0,정상
WELD_D04_L2_A170,1,-125.674,21.48,-415.018,-125.674,-21.48,415.018,29.14,2.507,0.064,정상
WELD_D04_L2_A170,2,-105.715,18.558,-413.105,-105.715,-18.558,413.105,49.375,1.581,-0.42,정상
WELD_D04_L2_A170,3,-72.568,11.285,-409.888,-72.568,-11.285,409.888,83.436,1.148,0.883,정상
WELD_D04_L2_A170,4,-52.918,7.477,-406.799,-52.918,-7.477,406.799,103.679,1.704,0.661,정상
WELD_D04_L2_A170,5,-34.432,4.955,-404.644,-34.432,-4.955,404.644,122.434,1.099,-0.127,정상
WELD_D04_L2_A170,6,-14.864,0.672,-401.616,-14.864,-0.672,401.616,142.679,1.827,0.105,정상
WELD_D04_L2_A170,7,28.268,-6.845,-397.687,28.268,6.845,397.687,186.605,0.178,0.212,정상
WELD_D04_L2_A170,8,52.199,-11.914,-394.313,52.199,11.914,394.313,211.291,0.706,0.501,정상
WELD_D04_L2_A170,9,86.599,-17.397,-390.321,86.599,17.397,390.321,246.337,-0.085,-0.265,정상
WELD_D04_L2_A170,10,119.617,-24.088,-385.141,119.617,24.088,385.141,280.405,0.969,-0.376,정상
WELD_D04_L2_A170,11,134.619,-27.316,-384.535,134.619,27.316,384.535,295.704,-0.0,0.555,정상
WELD_D08_L1_A010,0,-146.521,-17.645,-782.115,-146.521,17.645,782.115,0.0,0.0,0.0,정상
WELD_D08_L1_A010,1,-124.376,-14.848,-780.29,-124.376,14.848,780.29,21.741,-5.352,0.458,정상
WELD_D08_L1_A010,2,-116.366,-14.001,-778.763,-116.366,14.001,778.763,29.457,-8.121,0.374,정상
WELD_D08_L1_A010,3,-111.517,-13.082,-778.685,-111.517,13.082,778.685,34.292,-9.013,0.81,정상
WELD_D08_L1_A010,4,-105.198,-12.922,-779.094,-105.198,12.922,779.094,40.59,-9.552,0.403,정상
WELD_D08_L1_A010,5,-95.222,-11.978,-780.989,-95.222,11.978,780.989,50.783,-9.258,0.572,정상
WELD_D08_L1_A010,6,-81.173,-10.66,-785.143,-81.173,10.66,785.143,65.368,-7.382,0.946,정상
WELD_D08_L1_A010,7,-73.665,-10.806,-787.759,-73.665,10.806,787.759,73.155,-5.894,0.345,정상
WELD_D08_L1_A010,8,-54.311,-8.941,-792.313,-54.311,8.941,792.313,93.069,-4.462,0.793,정상
WELD_D08_L1_A010,9,-42.381,-7.77,-794.16,-42.381,7.77,794.16,105.196,-4.527,0.993,정상
WELD_D08_L1_A010,10,-19.744,-7.464,-797.273,-19.744,7.464,797.273,127.993,-4.814,-0.564,정상
WELD_D08_L1_A010,11,-2.479,-5.227,-799.002,-2.479,5.227,799.002,145.439,-5.897,0.167,정상
WELD_D08_L1_A010,12,4.85,-3.552,-798.32,4.85,3.552,798.32,152.683,-7.83,1.053,정상
WELD_D08_L1_A010,13,16.918,-2.394,-799.201,16.918,2.394,799.201,164.794,-8.863,1.13,정상
WELD_D08_L1_A010,14,32.493,-1.337,-803.145,32.493,1.337,803.145,180.827,-7.387,1.079,정상
WELD_D08_L1_A010,15,40.084,-0.13,-804.372,40.084,0.13,804.372,188.588,-7.429,1.669,정상
WELD_D08_L1_A010,16,52.249,1.49,-804.293,52.249,-1.49,804.293,200.682,-9.472,2.096,정상
WELD_D08_L1_A010,17,55.31,1.323,-803.599,55.31,-1.323,803.599,203.574,-10.582,1.567,정상
WELD_D08_L1_A010,18,65.151,1.958,-803.155,65.151,-1.958,803.155,213.245,-12.53,1.206,정상
WELD_D08_L1_A010,19,71.929,2.638,-803.484,71.929,-2.638,803.484,220.024,-13.277,1.261,정상
WELD_D08_L1_A010,20,89.945,2.514,-804.773,89.945,-2.514,804.773,237.953,-14.631,-0.462,정상
WELD_D08_L1_A010,21,97.566,2.75,-806.36,97.566,-2.75,806.36,245.722,-14.214,-0.799,정상
WELD_D08_L1_A010,22,110.956,3.738,-811.894,110.956,-3.738,811.894,259.847,-10.847,-0.548,정상
WELD_D08_L1_A010,23,122.54,4.59,-819.853,122.54,-4.59,819.853,272.56,-4.818,-0.014,정상
WELD_D08_L1_A010,24,133.462,5.846,-825.306,133.462,-5.846,825.306,284.263,-1.202,0.731,정상
WELD_D08_L1_A010,25,139.521,6.146,-827.466,139.521,-6.146,827.466,290.59,0.0,0.665,정상
WELD_D08_L1_A020,0,136.157,26.778,-840.748,136.157,-26.778,840.748,0.0,0.0,0.0,정상
WELD_D08_L1_A020,1,122.385,22.101,-834.344,122.385,-22.101,834.344,15.599,-2.165,2.127,정상
WELD_D08_L1_A020,2,117.381,20.982,-832.768,117.381,-20.982,832.768,20.96,-2.34,2.243,정상
WELD_D08_L1_A020,3,98.135,18.798,-827.571,98.135,-18.798,827.571,40.939,-2.576,0.533,정상
WELD_D08_L1_A020,4,78.967,15.77,-818.95,78.967,-15.77,818.95,61.9,-5.95,0.102,정상
WELD_D08_L1_A020,5,72.968,14.915,-815.153,72.968,-14.915,815.153,68.727,-8.076,0.02,정상
WELD_D08_L1_A020,6,65.764,13.296,-812.579,65.764,-13.296,812.579,76.525,-8.617,0.235,정상
WELD_D08_L1_A020,7,35.566,5.111,-804.854,35.566,-5.111,804.854,108.686,-7.702,2.081,정상
WELD_D08_L1_A020,8,12.087,1.404,-801.225,12.087,-1.404,801.225,132.558,-5.204,0.646,정상
WELD_D08_L1_A020,9,-17.616,-6.774,-795.461,-17.616,6.774,795.461,163.74,-2.525,2.345,정상
WELD_D08_L1_A020,10,-30.986,-9.118,-791.497,-30.986,9.118,791.497,177.873,-2.875,2.0,정상
WELD_D08_L1_A020,11,-39.798,-9.166,-787.971,-39.798,9.166,787.971,187.134,-4.255,0.449,정상
WELD_D08_L1_A020,12,-55.076,-12.216,-782.094,-55.076,12.216,782.094,203.706,-5.877,0.589,정상
WELD_D08_L1_A020,13,-64.167,-15.386,-780.053,-64.167,15.386,780.053,213.451,-5.198,1.788,정상
WELD_D08_L1_A020,14,-77.571,-18.045,-778.339,-77.571,18.045,778.339,227.091,-3.33,1.445,정상
WELD_D08_L1_A020,15,-87.391,-19.988,-776.162,-87.391,19.988,776.162,237.324,-2.844,1.309,정상
WELD_D08_L1_A020,16,-96.711,-22.991,-772.946,-96.711,22.991,772.946,247.558,-3.269,2.447,정상
WELD_D08_L1_A020,17,-109.793,-25.283,-767.885,-109.793,25.283,767.885,261.693,-4.744,2.263,정상
WELD_D08_L1_A020,18,-119.418,-25.615,-765.667,-119.418,25.615,765.667,271.438,-4.637,0.625,정상
WELD_D08_L1_A020,19,-125.654,-26.753,-764.846,-125.654,26.753,764.846,277.772,-3.809,0.373,정상
WELD_D08_L1_A020,20,-140.266,-28.566,-765.039,-140.266,28.566,765.039,291.895,-0.0,-1.316,정상
WELD_D08_L1_A030,0,-135.948,-41.778,-750.26,-135.948,41.778,750.26,0.0,0.0,0.0,정상
WELD_D08_L1_A030,1,-116.725,-35.789,-752.26,-116.725,35.789,752.26,19.549,-5.02,-1.429,정상
WELD_D08_L1_A030,2,-107.582,-32.581,-754.32,-107.582,32.581,754.32,29.333,-6.564,-1.469,정상
WELD_D08_L1_A030,3,-102.504,-31.531,-755.896,-102.504,31.531,755.896,34.723,-6.748,-2.007,정상
WELD_D08_L1_A030,4,-90.255,-28.586,-761.464,-90.255,28.586,761.464,48.457,-5.785,-2.429,정상
WELD_D08_L1_A030,5,-73.202,-21.423,-771.09,-73.202,21.423,771.09,69.06,-3.988,0.223,정상
WELD_D08_L1_A030,6,-40.98,-13.908,-782.124,-40.98,13.908,782.124,103.853,-4.574,-2.143,정상
WELD_D08_L1_A030,7,-11.596,-4.268,-796.044,-11.596,4.268,796.044,137.689,-2.78,-0.727,정상
WELD_D08_L1_A030,8,-2.325,-1.446,-799.51,-2.325,1.446,799.51,147.98,-2.952,-0.743,정상
WELD_D08_L1_A030,9,11.774,3.826,-802.654,11.774,-3.826,802.654,163.144,-5.489,-0.529,정상
WELD_D08_L1_A030,10,20.083,6.119,-804.772,20.083,-6.119,804.772,171.956,-6.427,-1.04,정상
WELD_D08_L1_A030,11,30.125,9.322,-808.771,30.125,-9.322,808.771,183.228,-6.453,-0.857,정상
WELD_D08_L1_A030,12,40.977,14.178,-813.614,40.977,-14.178,813.614,195.969,-6.567,0.717,정상
WELD_D08_L1_A030,13,65.213,20.376,-822.334,65.213,-20.376,822.334,222.432,-6.85,-0.462,정상
WELD_D08_L1_A030,14,74.094,24.005,-824.742,74.094,-24.005,824.742,232.219,-8.19,0.07,정상
WELD_D08_L1_A030,15,88.557,28.445,-827.597,88.557,-28.445,827.597,247.384,-10.74,-0.669,정상
WELD_D08_L1_A030,16,97.657,30.127,-830.991,97.657,-30.127,830.991,257.19,-10.485,-1.643,정상
WELD_D08_L1_A030,17,102.359,30.951,-833.736,102.359,-30.951,833.736,262.592,-9.453,-1.897,정상
WELD_D08_L1_A030,18,122.453,34.377,-849.824,122.453,-34.377,849.824,287.192,-1.134,-1.789,정상
WELD_D08_L1_A030,19,128.007,35.431,-853.009,128.007,-35.431,853.009,293.576,0.0,-2.033,정상
WELD_D08_L1_A040,0,100.955,60.935,-868.313,100.955,-60.935,868.313,0.0,0.0,0.0,정상
WELD_D08_L1_A040,1,85.143,52.585,-857.67,85.143,-52.585,857.67,20.773,1.231,-0.043,정상
WELD_D08_L1_A040,2,71.582,44.428,-849.265,71.582,-44.428,849.265,38.658,1.562,-1.072,정상
WELD_D08_L1_A040,3,63.228,40.438,-844.016,63.228,-40.438,844.016,49.29,1.92,-0.756,정상
WELD_D08_L1_A040,4,59.669,37.848,-841.898,59.669,-37.848,841.898,54.126,1.89,-1.445,정상
WELD_D08_L1_A040,5,32.463,25.376,-825.015,32.463,-25.376,825.015,88.441,2.92,0.035,정상
WELD_D08_L1_A040,6,14.504,15.744,-812.889,14.504,-15.744,812.889,112.112,4.338,-0.145,정상
WELD_D08_L1_A040,7,6.426,12.401,-808.672,6.426,-12.401,808.672,121.788,3.975,0.528,정상
WELD_D08_L1_A040,8,-2.215,7.485,-804.688,-2.215,-7.485,804.688,132.439,3.004,-0.035,정상
WELD_D08_L1_A040,9,-13.098,0.023,-798.413,-13.098,-0.023,798.413,146.948,2.775,-1.75,정상
WELD_D08_L1_A040,10,-43.954,-15.544,-778.971,-43.954,15.544,778.971,186.577,4.074,-1.331,정상
WELD_D08_L1_A040,11,-51.881,-20.252,-773.63,-51.881,20.252,773.63,197.206,4.65,-1.827,정상
WELD_D08_L1_A040,12,-67.342,-27.373,-764.419,-67.342,27.373,764.419,216.543,4.894,-1.062,정상
WELD_D08_L1_A040,13,-75.152,-30.132,-759.263,-75.152,30.132,759.263,226.204,5.535,0.147,정상
WELD_D08_L1_A040,14,-86.248,-35.76,-750.753,-86.248,35.76,750.753,241.167,7.335,0.452,정상
WELD_D08_L1_A040,15,-96.357,-42.504,-743.606,-96.357,42.504,743.606,255.175,8.298,-0.814,정상
WELD_D08_L1_A040,16,-101.081,-45.103,-741.379,-101.081,45.103,741.379,260.984,7.819,-1.035,정상
WELD_D08_L1_A040,17,-109.905,-48.216,-738.201,-109.905,48.216,738.201,270.678,6.215,0.019,정상
WELD_D08_L1_A040,18,-127.724,-56.56,-734.956,-127.724,56.56,734.956,289.626,-0.0,-0.101,정상
WELD_D08_L1_A050,0,-123.317,-83.704,-708.616,-123.317,83.704,708.616,0.0,0.0,0.0,정상
WELD_D08_L1_A050,1,-109.945,-77.266,-712.863,-109.945,77.266,712.863,14.559,4.687,2.089,정상
WELD_D08_L1_A050,2,-101.678,-72.203,-717.524,-101.678,72.203,717.524,25.203,6.111,2.71,정상
WELD_D08_L1_A050,3,-81.619,-57.58,-734.244,-81.619,57.58,734.244,55.126,5.542,2.898,정상
WELD_D08_L1_A050,4,-66.866,-44.574,-744.003,-66.866,44.574,744.003,76.878,7.69,0.833,정상
WELD_D08_L1_A050,5,-59.893,-38.7,-750.366,-59.893,38.7,750.366,87.973,7.195,0.298,정상
WELD_D08_L1_A050,6,-42.159,-27.639,-766.111,-42.159,27.639,766.111,114.02,5.511,2.153,정상
WELD_D08_L1_A050,7,-26.871,-14.371,-779.343,-26.871,14.371,779.343,138.148,5.101,0.565,정상
WELD_D08_L1_A050,8,-9.875,-1.297,-793.302,-9.875,1.297,793.302,163.73,4.93,0.123,정상
WELD_D08_L1_A050,9,-0.178,5.498,-802.525,-0.178,-5.498,802.525,178.677,3.651,0.581,정상
WELD_D08_L1_A050,10,10.828,11.33,-811.033,10.828,-11.33,811.033,193.644,3.448,2.452,정상
WELD_D08_L1_A050,11,25.673,23.928,-825.398,25.673,-23.928,825.398,217.752,1.731,1.331,정상
WELD_D08_L1_A050,12,45.434,37.012,-842.985,45.434,-37.012,842.985,247.177,-0.026,2.765,정상
WELD_D08_L1_A050,13,54.133,44.908,-850.68,54.133,-44.908,850.68,261.169,-0.327,1.589,정상
WELD_D08_L1_A050,14,72.926,59.45,-865.515,72.926,-59.45,865.515,289.173,-0.0,0.955,정상
WELD_D08_L1_A130,0,122.06,-103.735,-708.224,122.06,103.735,708.224,0.0,0.0,0.0,정상
WELD_D08_L1_A130,1,110.049,-90.936,-711.142,110.049,90.936,711.142,16.354,6.997,0.391,정상
WELD_D08_L1_A130,2,103.748,-85.576,-714.799,103.748,85.576,714.799,25.296,8.271,-0.098,정상
WELD_D08_L1_A130,3,88.513,-73.028,-728.322,88.513,73.028,728.322,49.18,7.241,-1.055,정상
WELD_D08_L1_A130,4,74.427,-60.692,-738.719,74.427,60.692,738.719,70.558,8.388,-1.666,정상
WELD_D08_L1_A130,5,60.092,-47.327,-753.359,60.092,47.327,753.359,94.947,6.519,-1.294,정상
WELD_D08_L1_A130,6,44.289,-33.421,-765.668,44.289,33.421,765.668,119.313,7.295,-1.864,정상
WELD_D08_L1_A130,7,32.786,-23.149,-776.666,32.786,23.149,776.666,138.223,6.219,-1.956,정상
WELD_D08_L1_A130,8,23.494,-13.234,-784.07,23.494,13.234,784.07,153.634,7.324,-1.085,정상
WELD_D08_L1_A130,9,14.412,-4.37,-791.927,14.412,4.37,791.927,168.555,7.509,-0.733,정상
WELD_D08_L1_A130,10,7.636,0.967,-797.878,7.636,-0.967,797.878,179.004,6.994,-1.331,정상
WELD_D08_L1_A130,11,-13.233,20.963,-815.457,-13.233,-20.963,815.457,212.823,7.648,-0.827,정상
WELD_D08_L1_A130,12,-27.263,34.81,-824.271,-27.263,-34.81,824.271,234.184,10.789,-0.536,정상
WELD_D08_L1_A130,13,-29.44,37.556,-825.296,-29.44,-37.556,825.296,237.658,11.834,-0.12,정상
WELD_D08_L1_A130,14,-36.583,43.641,-830.939,-36.583,-43.641,830.939,248.598,12.027,-0.506,정상
WELD_D08_L1_A130,15,-42.762,48.926,-837.655,-42.762,-48.926,837.655,259.056,10.667,-0.627,정상
WELD_D08_L1_A130,16,-46.765,51.557,-844.188,-46.765,-51.557,844.188,266.543,7.597,-1.01,정상
WELD_D08_L1_A130,17,-51.606,56.999,-852.32,-51.606,-56.999,852.32,277.014,4.714,0.096,정상
WELD_D08_L1_A130,18,-54.662,59.076,-856.807,-54.662,-59.076,856.807,282.501,2.821,-0.204,정상
WELD_D08_L1_A130,19,-62.168,64.611,-864.508,-62.168,-64.611,864.508,294.453,1.15,-1.005,정상
WELD_D08_L1_A130,20,-64.073,66.01,-867.325,-64.073,-66.01,867.325,297.944,-0.0,-1.118,정상
WELD_D08_L1_A140,0,131.869,-89.124,-724.113,131.869,89.124,724.113,0.0,0.0,0.0,정상
WELD_D08_L1_A140,1,119.151,-81.303,-725.61,119.151,81.303,725.61,14.213,-4.811,0.051,정상
WELD_D08_L1_A140,2,105.994,-74.621,-729.948,105.994,74.621,729.948,29.399,-6.928,1.269,정상
WELD_D08_L1_A140,3,90.419,-64.079,-738.318,90.419,64.079,738.318,49.967,-7.087,0.437,정상
WELD_D08_L1_A140,4,76.418,-55.118,-747.897,76.418,55.118,747.897,69.061,-5.243,0.103,정상
WELD_D08_L1_A140,5,67.835,-50.709,-752.762,67.835,50.709,752.762,79.833,-4.782,0.831,정상
WELD_D08_L1_A140,6,44.595,-37.53,-761.491,44.595,37.53,761.491,107.753,-7.864,1.801,정상
WELD_D08_L1_A140,7,36.974,-32.566,-765.16,36.974,32.566,765.16,117.548,-8.287,1.564,정상
WELD_D08_L1_A140,8,28.837,-27.226,-769.79,28.837,27.226,769.79,128.321,-8.098,1.268,정상
WELD_D08_L1_A140,9,5.684,-14.289,-784.85,5.684,14.289,784.85,158.676,-5.33,2.323,정상
WELD_D08_L1_A140,10,-12.614,-1.686,-795.206,-12.614,1.686,795.206,183.16,-5.092,1.155,정상
WELD_D08_L1_A140,11,-20.587,1.806,-799.903,-20.587,-1.806,799.903,192.952,-4.365,2.342,정상
WELD_D08_L1_A140,12,-28.113,6.867,-803.638,-28.113,-6.867,803.638,202.747,-4.716,1.971,정상
WELD_D08_L1_A140,13,-40.5,17.14,-807.657,-40.5,-17.14,807.657,218.915,-7.674,-0.264,정상
WELD_D08_L1_A140,14,-47.348,21.47,-811.136,-47.348,-21.47,811.136,227.73,-7.858,-0.368,정상
WELD_D08_L1_A140,15,-57.944,27.488,-818.654,-57.944,-27.488,818.654,241.927,-6.044,0.026,정상
WELD_D08_L1_A140,16,-76.75,40.445,-831.191,-76.75,-40.445,831.191,267.877,-4.075,-1.201,정상
WELD_D08_L1_A140,17,-96.645,49.145,-845.394,-96.645,-49.145,845.394,293.331,0.0,1.744,정상
WELD_D08_L1_A150,0,130.496,-66.815,-742.984,130.496,66.815,742.984,0.0,0.0,0.0,정상
WELD_D08_L1_A150,1,124.866,-64.161,-743.244,124.866,64.161,743.244,5.891,-1.984,0.408,정상
WELD_D08_L1_A150,2,115.93,-59.833,-742.162,115.93,59.833,742.162,14.745,-6.545,1.161,정상
WELD_D08_L1_A150,3,111.06,-57.377,-743.021,111.06,57.377,743.021,20.137,-7.724,1.289,정상
WELD_D08_L1_A150,4,105.605,-54.816,-745.077,105.605,54.816,745.077,26.498,-7.982,1.445,정상
WELD_D08_L1_A150,5,77.079,-41.787,-757.568,77.079,41.787,757.568,60.24,-7.621,2.342,정상
WELD_D08_L1_A150,6,56.779,-32.02,-768.392,56.779,32.02,768.392,85.161,-5.726,2.288,정상
WELD_D08_L1_A150,7,39.573,-23.839,-774.763,39.573,23.839,774.763,105.223,-6.674,2.711,정상
WELD_D08_L1_A150,8,15.499,-13.073,-787.866,15.499,13.073,787.866,134.538,-3.943,3.315,정상
WELD_D08_L1_A150,9,2.894,-5.654,-793.539,2.894,5.654,793.539,150.188,-4.126,2.255,정상
WELD_D08_L1_A150,10,-5.192,-0.633,-796.198,-5.192,0.633,796.198,159.98,-5.223,1.484,정상
WELD_D08_L1_A150,11,-24.323,9.513,-805.285,-24.323,-9.513,805.285,183.448,-4.737,0.773,정상
WELD_D08_L1_A150,12,-41.385,20.471,-811.547,-41.385,-20.471,811.547,204.495,-6.557,-1.257,정상
WELD_D08_L1_A150,13,-54.019,26.295,-817.595,-54.019,-26.295,817.595,219.649,-5.938,-0.977,정상
WELD_D08_L1_A150,14,-58.855,27.5,-819.9,-58.855,-27.5,819.9,225.024,-5.412,0.016,정상
WELD_D08_L1_A150,15,-74.96,34.364,-826.24,-74.96,-34.364,826.24,243.613,-5.72,1.045,정상
WELD_D08_L1_A150,16,-79.417,35.542,-828.113,-79.417,-35.542,828.113,248.502,-5.487,1.936,정상
WELD_D08_L1_A150,17,-87.435,39.767,-831.799,-87.435,-39.767,831.799,258.282,-5.388,1.678,정상
WELD_D08_L1_A150,18,-96.745,43.649,-836.908,-96.745,-43.649,836.908,269.518,-4.211,2.149,정상
WELD_D08_L1_A150,19,-115.334,51.891,-849.286,-115.334,-51.891,849.286,292.947,-0.0,2.367,정상
WELD_D08_L1_A160,0,127.091,-57.65,-754.389,127.091,57.65,754.389,0.0,0.0,0.0,정상
WELD_D08_L1_A160,1,112.771,-54.913,-753.047,112.771,54.913,753.047,13.986,-4.227,0.942,정상
WELD_D08_L1_A160,2,99.151,-51.173,-753.846,99.151,51.173,753.846,27.993,-6.204,0.874,정상
WELD_D08_L1_A160,3,88.7,-48.297,-756.386,88.7,48.297,756.386,39.12,-5.836,0.94,정상
WELD_D08_L1_A160,4,79.531,-46.604,-759.335,79.531,46.604,759.335,48.803,-4.816,1.843,정상
WELD_D08_L1_A160,5,70.682,-44.793,-761.142,70.682,44.793,761.142,57.993,-4.847,2.479,정상
WELD_D08_L1_A160,6,46.766,-35.798,-764.49,46.766,35.798,764.49,83.611,-6.391,0.143,정상
WELD_D08_L1_A160,7,22.941,-31.546,-769.841,22.941,31.546,769.841,108.282,-6.005,2.488,정상
WELD_D08_L1_A160,8,0.146,-24.138,-775.948,0.146,24.138,775.948,132.961,-4.634,1.572,정상
WELD_D08_L1_A160,9,-3.929,-22.788,-776.696,-3.929,22.788,776.696,137.313,-4.725,1.362,정상
WELD_D08_L1_A160,10,-24.404,-19.025,-778.982,-24.404,19.025,778.982,158.093,-6.656,3.123,정상
WELD_D08_L1_A160,11,-33.04,-16.35,-780.645,-33.04,16.35,780.645,167.281,-6.775,2.861,정상
WELD_D08_L1_A160,12,-47.524,-11.177,-782.811,-47.524,11.177,782.811,182.75,-7.578,1.72,정상
WELD_D08_L1_A160,13,-60.436,-6.297,-782.991,-60.436,6.297,782.991,196.268,-10.003,0.333,정상
WELD_D08_L1_A160,14,-69.59,-3.386,-784.287,-69.59,3.386,784.287,205.936,-10.585,-0.048,정상
WELD_D08_L1_A160,15,-103.799,5.128,-793.147,-103.799,-5.128,793.147,242.227,-8.854,1.07,정상
WELD_D08_L1_A160,16,-116.692,8.574,-798.061,-116.692,-8.574,798.061,256.274,-6.658,1.364,정상
WELD_D08_L1_A160,17,-135.373,15.198,-805.409,-135.373,-15.198,805.409,277.104,-3.236,0.231,정상
WELD_D08_L1_A160,18,-146.927,17.386,-811.119,-146.927,-17.386,811.119,289.711,0.0,1.447,정상
WELD_D08_L1_A170,0,-161.565,14.213,-807.687,-161.565,-14.213,807.687,0.0,0.0,0.0,정상
WELD_D08_L1_A170,1,-141.932,10.946,-800.116,-141.932,-10.946,800.116,20.553,5.538,-0.614,정상
WELD_D08_L1_A170,2,-134.136,8.551,-797.446,-134.136,-8.551,797.446,28.873,7.458,0.244,정상
WELD_D08_L1_A170,3,-126.151,7.161,-794.918,-126.151,-7.161,794.918,37.188,9.167,0.093,정상
WELD_D08_L1_A170,4,-113.706,5.198,-793.23,-113.706,-5.198,793.23,49.889,9.583,-0.19,정상
WELD_D08_L1_A170,5,-99.098,3.653,-792.615,-99.098,-3.653,792.615,64.531,8.677,-1.173,정상
WELD_D08_L1_A170,6,-86.134,1.211,-792.058,-86.134,-1.211,792.058,77.713,7.938,-0.995,정상
WELD_D08_L1_A170,7,-80.403,0.076,-791.574,-80.403,-0.076,791.574,83.573,7.85,-0.878,정상
WELD_D08_L1_A170,8,-70.182,-3.335,-790.109,-70.182,3.335,790.109,94.326,8.361,0.654,정상
WELD_D08_L1_A170,9,-56.457,-6.181,-787.795,-56.457,6.181,787.795,108.498,9.305,0.982,정상
WELD_D08_L1_A170,10,-41.383,-7.824,-787.017,-41.383,7.824,787.017,123.629,8.514,0.004,정상
WELD_D08_L1_A170,11,-17.983,-13.228,-786.471,-17.983,13.228,786.471,147.551,6.775,1.339,정상
WELD_D08_L1_A170,12,15.919,-18.563,-780.951,15.919,18.563,780.951,182.241,8.824,0.495,정상
WELD_D08_L1_A170,13,40.68,-22.039,-780.698,40.68,22.039,780.698,207.13,6.547,-0.276,정상
WELD_D08_L1_A170,14,55.46,-25.355,-779.903,55.46,25.355,779.903,222.267,5.891,0.44,정상
WELD_D08_L1_A170,15,65.49,-27.159,-778.719,65.49,27.159,778.719,232.525,6.062,0.443,정상
WELD_D08_L1_A170,16,79.728,-29.218,-775.097,79.728,29.218,775.097,247.191,8.208,-0.179,정상
WELD_D08_L1_A170,17,89.362,-30.47,-773.974,89.362,30.47,773.974,256.959,8.334,-0.649,정상
WELD_D08_L1_A170,18,95.721,-31.154,-774.04,95.721,31.154,774.04,263.301,7.61,-1.043,정상
WELD_D08_L1_A170,19,113.914,-34.436,-777.739,113.914,34.436,777.739,281.331,2.117,-0.626,정상
WELD_D08_L1_A170,20,125.005,-37.051,-778.785,125.005,37.051,778.785,292.551,-0.0,0.148,정상
WELD_D08_L2_A000,0,-148.406,-7.689,-792.909,-148.406,7.689,792.909,0.0,0.0,0.0,정상
WELD_D08_L2_A000,1,-130.808,-7.241,-790.996,-130.808,7.241,790.996,17.439,-2.687,-1.484,정상
WELD_D08_L2_A000,2,-125.324,-7.646,-791.14,-125.324,7.646,791.14,22.932,-2.625,-1.771,정상
WELD_D08_L2_A000,3,-113.36,-6.804,-792.186,-113.36,6.804,792.186,34.906,-3.261,-0.69,정상
WELD_D08_L2_A000,4,-103.917,-7.786,-792.922,-103.917,7.786,792.922,44.401,-2.614,-1.019,정상
WELD_D08_L2_A000,5,-91.473,-7.879,-794.011,-91.473,7.879,794.011,56.883,-2.564,-0.55,정상
WELD_D08_L2_A000,6,-78.563,-6.921,-796.191,-78.563,6.921,796.191,69.862,-2.577,1.422,정상
WELD_D08_L2_A000,7,-74.571,-5.906,-796.767,-74.571,5.906,796.767,73.848,-3.177,2.447,정상
WELD_D08_L2_A000,8,-62.599,-5.913,-797.29,-62.599,5.913,797.29,85.825,-3.543,2.568,정상
WELD_D08_L2_A000,9,-52.121,-6.92,-797.298,-52.121,6.92,797.298,96.312,-3.432,1.665,정상
WELD_D08_L2_A000,10,-34.733,-10.322,-798.158,-34.733,10.322,798.158,113.815,-1.403,-0.383,정상
WELD_D08_L2_A000,11,-8.811,-9.371,-800.052,-8.811,9.371,800.052,139.763,-2.393,1.093,정상
WELD_D08_L2_A000,12,2.159,-9.892,-800.424,2.159,9.892,800.424,150.747,-2.423,0.776,정상
WELD_D08_L2_A000,13,19.674,-10.865,-799.658,19.674,10.865,799.658,168.211,-3.286,-0.825,정상
WELD_D08_L2_A000,14,27.13,-11.385,-800.326,27.13,11.385,800.326,175.705,-2.903,-0.848,정상
WELD_D08_L2_A000,15,44.994,-10.912,-803.248,44.994,10.912,803.248,193.685,-2.36,1.236,정상
WELD_D08_L2_A000,16,60.007,-10.464,-803.101,60.007,10.464,803.101,208.645,-3.697,1.105,정상
WELD_D08_L2_A000,17,69.581,-8.954,-802.156,69.581,8.954,802.156,218.1,-6.025,1.226,정상
WELD_D08_L2_A000,18,82.623,-7.886,-801.66,82.623,7.886,801.66,231.055,-7.935,1.303,정상
WELD_D08_L2_A000,19,99.583,-9.895,-801.621,99.583,9.895,801.621,248.037,-7.512,-0.453,정상
WELD_D08_L2_A000,20,104.551,-11.398,-801.655,104.551,11.398,801.655,253.042,-6.685,-1.554,정상
WELD_D08_L2_A000,21,119.533,-10.913,-802.163,119.533,10.913,802.163,268.007,-7.605,-1.176,정상
WELD_D08_L2_A000,22,127.442,-10.902,-804.024,127.442,10.902,804.024,276.005,-6.835,0.029,정상
WELD_D08_L2_A000,23,135.335,-11.969,-805.773,135.335,11.969,805.773,284.013,-5.348,0.422,정상
WELD_D08_L2_A000,24,138.716,-14.056,-807.358,138.716,14.056,807.358,287.541,-2.949,0.101,정상
WELD_D08_L2_A000,25,150.053,-17.055,-809.476,150.053,17.055,809.476,299.064,-0.0,-0.619,정상
WELD_D08_L2_A010,0,142.347,10.821,-829.024,142.347,-10.821,829.024,0.0,0.0,0.0,정상
WELD_D08_L2_A010,1,130.651,9.286,-824.799,130.651,-9.286,824.799,12.335,-1.971,-0.983,정상
WELD_D08_L2_A010,2,127.526,8.377,-822.983,127.526,-8.377,822.983,15.797,-3.33,-1.226,정상
WELD_D08_L2_A010,3,114.329,6.396,-819.014,114.329,-6.396,819.014,29.606,-5.05,-1.678,정상
WELD_D08_L2_A010,4,98.77,4.739,-817.057,98.77,-4.739,817.057,45.359,-4.504,-1.224,정상
WELD_D08_L2_A010,5,83.32,1.803,-815.193,83.32,-1.803,815.193,61.117,-4.62,0.334,정상
WELD_D08_L2_A010,6,68.28,0.605,-812.85,68.28,-0.605,812.85,76.38,-4.231,0.185,정상
WELD_D08_L2_A010,7,34.993,-3.441,-804.199,34.993,3.441,804.199,110.885,-6.941,-0.966,정상
WELD_D08_L2_A010,8,12.09,-6.186,-801.827,12.09,6.186,801.827,134.019,-5.9,0.243,정상
WELD_D08_L2_A010,9,-9.789,-5.887,-800.579,-9.789,5.887,800.579,155.652,-2.451,-0.431,정상
WELD_D08_L2_A010,10,-32.288,-8.245,-798.571,-32.288,8.245,798.571,178.289,-0.978,0.661,정상
WELD_D08_L2_A010,11,-43.56,-7.846,-796.755,-43.56,7.846,796.755,189.608,-0.011,-0.553,정상
WELD_D08_L2_A010,12,-57.496,-7.82,-793.039,-57.496,7.82,793.039,203.895,-0.261,-2.504,정상
WELD_D08_L2_A010,13,-71.702,-10.21,-789.358,-71.702,10.21,789.358,218.686,-1.779,-2.443,정상
WELD_D08_L2_A010,14,-81.558,-13.036,-786.931,-81.558,13.036,786.931,229.044,-3.383,-1.367,정상
WELD_D08_L2_A010,15,-92.524,-15.102,-784.711,-92.524,15.102,784.711,240.379,-4.177,-0.785,정상
WELD_D08_L2_A010,16,-95.902,-15.937,-784.413,-95.902,15.937,784.413,243.826,-4.223,-0.223,정상
WELD_D08_L2_A010,17,-110.312,-15.912,-783.629,-110.312,15.912,783.629,258.084,-2.017,-0.503,정상
WELD_D08_L2_A010,18,-131.175,-17.311,-780.224,-131.175,17.311,780.224,279.256,-1.455,-1.016,정상
WELD_D08_L2_A010,19,-146.916,-19.427,-779.669,-146.916,19.427,779.669,294.998,-0.0,0.615,정상
WELD_D08_L2_A020,0,139.683,26.055,-842.977,139.683,-26.055,842.977,0.0,0.0,0.0,정상
WELD_D08_L2_A020,1,117.359,21.831,-833.478,117.359,-21.831,833.478,24.364,-3.242,-1.521,정상
WELD_D08_L2_A020,2,94.843,18.29,-826.146,94.843,-18.29,826.146,48.227,-4.264,-3.192,정상
WELD_D08_L2_A020,3,70.231,12.614,-818.594,70.231,-12.614,818.594,74.569,-5.301,-3.175,정상
WELD_D08_L2_A020,4,52.933,7.68,-812.579,52.933,-7.68,812.579,93.455,-6.878,-2.431,정상
WELD_D08_L2_A020,5,27.788,3.33,-805.943,27.788,-3.33,805.943,119.798,-6.644,-3.538,정상
WELD_D08_L2_A020,6,19.465,1.116,-803.485,19.465,-1.116,803.485,128.743,-6.963,-3.227,정상
WELD_D08_L2_A020,7,10.408,-2.379,-800.901,10.408,2.379,800.901,138.68,-7.437,-1.825,정상
WELD_D08_L2_A020,8,0.954,-5.075,-799.161,0.954,5.075,799.161,148.615,-6.849,-1.04,정상
WELD_D08_L2_A020,9,-22.592,-8.672,-795.818,-22.592,8.672,795.818,172.467,-3.847,-1.829,정상
WELD_D08_L2_A020,10,-46.916,-15.759,-788.363,-46.916,15.759,788.363,198.805,-5.153,-0.395,정상
WELD_D08_L2_A020,11,-56.432,-17.738,-786.251,-56.432,17.738,786.251,208.744,-4.755,-0.397,정상
WELD_D08_L2_A020,12,-70.587,-18.847,-783.058,-70.587,18.847,783.058,223.16,-3.853,-2.171,정상
WELD_D08_L2_A020,13,-80.603,-20.752,-780.783,-80.603,20.752,780.783,233.596,-3.448,-2.358,정상
WELD_D08_L2_A020,14,-98.357,-26.139,-776.902,-98.357,26.139,776.902,252.475,-2.982,-0.722,정상
WELD_D08_L2_A020,15,-122.221,-31.72,-768.416,-122.221,31.72,768.416,278.323,-5.094,-0.917,정상
WELD_D08_L2_A020,16,-127.539,-32.673,-767.46,-127.539,32.673,767.46,283.789,-4.631,-1.01,정상
WELD_D08_L2_A020,17,-142.65,-30.678,-767.303,-142.65,30.678,767.303,297.708,-0.0,-5.154,정상
WELD_D08_L2_A030,0,126.451,37.887,-852.961,126.451,-37.887,852.961,0.0,0.0,0.0,정상
WELD_D08_L2_A030,1,109.967,33.457,-842.524,109.967,-33.457,842.524,19.584,-3.917,1.189,정상
WELD_D08_L2_A030,2,106.851,31.696,-840.67,106.851,-31.696,840.67,23.499,-4.103,2.13,정상
WELD_D08_L2_A030,3,93.224,28.253,-834.894,93.224,-28.253,834.894,38.664,-5.013,1.805,정상
WELD_D08_L2_A030,4,84.076,26.595,-831.663,84.076,-26.595,831.663,48.446,-5.392,0.792,정상
WELD_D08_L2_A030,5,54.049,16.998,-822.515,54.049,-16.998,822.515,81.204,-3.351,0.325,정상
WELD_D08_L2_A030,6,38.379,12.891,-815.479,38.379,-12.891,815.479,98.817,-4.662,0.23,정상
WELD_D08_L2_A030,7,23.771,8.416,-810.273,23.771,-8.416,810.273,114.955,-4.41,0.141,정상
WELD_D08_L2_A030,8,2.901,-0.238,-801.985,2.901,0.238,801.985,138.918,-3.667,2.219,정상
WELD_D08_L2_A030,9,-16.301,-6.424,-797.417,-16.301,6.424,797.417,159.447,-1.243,1.455,정상
WELD_D08_L2_A030,10,-25.189,-8.9,-794.161,-25.189,8.9,794.161,169.228,-1.286,1.232,정상
WELD_D08_L2_A030,11,-46.027,-13.785,-784.138,-46.027,13.785,784.138,192.716,-3.881,0.891,정상
WELD_D08_L2_A030,12,-69.039,-21.624,-775.102,-69.039,21.624,775.102,218.638,-3.809,1.733,정상
WELD_D08_L2_A030,13,-91.794,-27.956,-768.528,-91.794,27.956,768.528,243.083,-2.419,0.46,정상
WELD_D08_L2_A030,14,-101.12,-29.983,-764.616,-101.12,29.983,764.616,253.357,-3.168,-0.051,정상
WELD_D08_L2_A030,15,-114.405,-34.283,-758.622,-114.405,34.283,758.622,268.522,-3.902,0.556,정상
WELD_D08_L2_A030,16,-122.655,-37.581,-755.79,-122.655,37.581,755.79,277.812,-3.289,1.101,정상
WELD_D08_L2_A030,17,-136.538,-44.002,-753.166,-136.538,44.002,753.166,292.959,-0.0,1.891,정상
WELD_D08_L2_A040,0,98.721,60.755,-871.495,98.721,-60.755,871.495,0.0,0.0,0.0,정상
WELD_D08_L2_A040,1,79.9,51.865,-857.845,79.9,-51.865,857.845,24.768,-2.369,-0.675,정상
WELD_D08_L2_A040,2,66.151,46.185,-847.421,66.151,-46.185,847.421,42.741,-4.737,-1.837,정상
WELD_D08_L2_A040,3,46.646,33.346,-835.293,46.646,-33.346,835.293,68.953,-4.35,0.438,정상
WELD_D08_L2_A040,4,31.321,25.319,-825.424,31.321,-25.319,825.424,88.86,-4.951,0.474,정상
WELD_D08_L2_A040,5,27.661,24.2,-823.186,27.661,-24.2,823.186,93.231,-5.225,-0.216,정상
WELD_D08_L2_A040,6,-0.094,9.108,-807.112,-0.094,-9.108,807.112,128.67,-4.567,0.189,정상
WELD_D08_L2_A040,7,-23.551,-2.58,-792.266,-23.551,2.58,792.266,158.774,-5.435,-0.294,정상
WELD_D08_L2_A040,8,-49.861,-18.1,-778.31,-49.861,18.1,778.31,192.265,-3.327,1.039,정상
WELD_D08_L2_A040,9,-96.723,-41.974,-750.014,-96.723,41.974,750.014,251.983,-3.707,0.423,정상
WELD_D08_L2_A040,10,-112.363,-48.717,-740.579,-112.363,48.717,740.579,271.406,-4.187,-0.84,정상
WELD_D08_L2_A040,11,-116.765,-50.946,-738.486,-116.765,50.946,738.486,276.745,-3.729,-0.952,정상
WELD_D08_L2_A040,12,-128.945,-58.185,-735.136,-128.945,58.185,735.136,290.813,-0.0,-0.526,정상
WELD_D08_L2_A050,0,-125.197,-84.555,-709.657,-125.197,84.555,709.657,0.0,0.0,0.0,정상
WELD_D08_L2_A050,1,-111.73,-77.049,-713.656,-111.73,77.049,713.656,15.078,5.13,-0.179,정상
WELD_D08_L2_A050,2,-107.645,-73.714,-716.241,-107.645,73.714,716.241,20.909,5.593,-0.705,정상
WELD_D08_L2_A050,3,-98.074,-67.824,-723.963,-98.074,67.824,723.963,34.507,5.421,0.277,정상
WELD_D08_L2_A050,4,-90.828,-62.794,-729.104,-90.828,62.794,729.104,44.709,5.827,0.295,정상
WELD_D08_L2_A050,5,-84.84,-57.631,-733.01,-84.84,57.631,733.01,53.455,6.407,-0.677,정상
WELD_D08_L2_A050,6,-77.215,-51.871,-738.805,-77.215,51.871,738.805,64.627,6.523,-0.938,정상
WELD_D08_L2_A050,7,-57.07,-37.606,-756.107,-57.07,37.606,756.107,94.737,5.301,-0.151,정상
WELD_D08_L2_A050,8,-47.704,-32.127,-764.468,-47.704,32.127,764.468,108.333,4.512,1.32,정상
WELD_D08_L2_A050,9,-40.113,-26.897,-769.891,-40.113,26.897,769.891,119.02,4.91,1.384,정상
WELD_D08_L2_A050,10,-33.579,-21.265,-774.479,-33.579,21.265,774.479,128.737,5.289,0.433,정상
WELD_D08_L2_A050,11,-16.505,-8.473,-788.002,-16.505,8.473,788.002,153.994,5.126,0.118,정상
WELD_D08_L2_A050,12,-7.329,-1.165,-796.727,-7.329,1.165,796.727,168.561,3.892,0.048,정상
WELD_D08_L2_A050,13,-0.338,2.879,-803.099,-0.338,-2.879,803.099,178.757,3.203,1.228,정상
WELD_D08_L2_A050,14,16.485,16.539,-815.239,16.485,-16.539,815.239,203.533,3.941,-0.385,정상
WELD_D08_L2_A050,15,33.998,28.375,-829.989,33.998,-28.375,829.989,229.273,3.118,0.695,정상
WELD_D08_L2_A050,16,42.895,36.374,-837.528,42.895,-36.374,837.528,243.357,2.619,-0.466,정상
WELD_D08_L2_A050,17,60.793,48.815,-850.33,60.793,-48.815,850.33,268.619,3.542,-0.404,정상
WELD_D08_L2_A050,18,73.74,60.256,-864.916,73.74,-60.256,864.916,290.948,0.0,-0.742,정상
WELD_D08_L2_A130,0,-59.388,67.845,-863.151,-59.388,-67.845,863.151,0.0,0.0,0.0,정상
WELD_D08_L2_A130,1,-39.428,49.326,-842.586,-39.428,-49.326,842.586,33.956,-3.211,0.973,정상
WELD_D08_L2_A130,2,-24.651,31.526,-829.126,-24.651,-31.526,829.126,60.568,-3.39,-1.89,정상
WELD_D08_L2_A130,3,-21.371,29.194,-826.209,-21.371,-29.194,826.209,65.49,-3.66,-1.258,정상
WELD_D08_L2_A130,4,-13.073,20.744,-818.187,-13.073,-20.744,818.187,79.77,-4.423,-1.552,정상
WELD_D08_L2_A130,5,-2.249,7.785,-808.756,-2.249,-7.785,808.756,98.994,-4.212,-3.671,정상
WELD_D08_L2_A130,6,23.75,-12.951,-786.488,23.75,12.951,786.488,138.886,-5.251,-0.619,정상
WELD_D08_L2_A130,7,32.929,-21.844,-778.119,32.929,21.844,778.119,154.154,-5.757,-0.683,정상
WELD_D08_L2_A130,8,39.674,-27.239,-771.446,39.674,27.239,771.446,164.98,-6.767,0.273,정상
WELD_D08_L2_A130,9,47.642,-35.869,-763.24,47.642,35.869,763.24,179.257,-7.824,-0.317,정상
WELD_D08_L2_A130,10,55.399,-45.128,-756.402,55.399,45.128,756.402,193.057,-7.744,-1.798,정상
WELD_D08_L2_A130,11,74.703,-62.784,-740.616,74.703,62.784,740.616,223.609,-7.488,-1.466,정상
WELD_D08_L2_A130,12,84.781,-71.469,-731.209,84.781,71.469,731.209,239.856,-8.419,-0.642,정상
WELD_D08_L2_A130,13,107.12,-91.671,-714.308,107.12,91.671,714.308,274.363,-7.031,-0.345,정상
WELD_D08_L2_A130,14,115.383,-98.777,-711.26,115.383,98.777,711.26,285.242,-3.923,-0.578,정상
WELD_D08_L2_A130,15,123.246,-105.767,-709.474,123.246,105.767,709.474,295.147,-0.0,-1.199,정상
WELD_D08_L2_A140,0,-94.914,49.852,-847.118,-94.914,-49.852,847.118,0.0,0.0,0.0,정상
WELD_D08_L2_A140,1,-79.538,41.809,-836.559,-79.538,-41.809,836.559,20.147,1.927,-1.736,정상
WELD_D08_L2_A140,2,-73.833,36.988,-832.634,-73.833,-36.988,832.634,28.498,2.639,-0.766,정상
WELD_D08_L2_A140,3,-57.958,27.226,-822.609,-57.958,-27.226,822.609,49.623,3.85,-1.081,정상
WELD_D08_L2_A140,4,-38.982,14.539,-812.263,-38.982,-14.539,812.263,74.669,3.853,-0.198,정상
WELD_D08_L2_A140,5,-29.065,7.484,-805.752,-29.065,-7.484,805.752,88.424,4.822,0.391,정상
WELD_D08_L2_A140,6,-9.058,-3.191,-793.843,-9.058,3.191,793.843,113.968,5.719,-1.276,정상
WELD_D08_L2_A140,7,6.133,-14.122,-786.244,6.133,14.122,786.244,134.1,5.116,0.264,정상
WELD_D08_L2_A140,8,36.487,-31.707,-768.458,36.487,31.707,768.458,173.395,6.22,-0.982,정상
WELD_D08_L2_A140,9,40.307,-34.795,-766.122,40.307,34.795,766.122,178.798,6.442,-0.391,정상
WELD_D08_L2_A140,10,45.326,-37.893,-763.667,45.326,37.893,763.667,185.181,6.196,-0.321,정상
WELD_D08_L2_A140,11,64.83,-48.846,-757.037,64.83,48.846,757.037,208.247,2.688,-0.36,정상
WELD_D08_L2_A140,12,93.474,-66.233,-741.742,93.474,66.233,741.742,245.08,2.417,-0.507,정상
WELD_D08_L2_A140,13,106.823,-74.51,-732.398,106.823,74.51,732.398,263.26,4.239,-0.915,정상
WELD_D08_L2_A140,14,115.313,-79.501,-727.949,115.313,79.501,727.949,274.064,4.085,-1.083,정상
WELD_D08_L2_A140,15,132.536,-89.633,-723.214,132.536,89.633,723.214,294.179,0.0,-0.463,정상
WELD_D08_L2_A150,0,131.936,-66.235,-748.221,131.936,66.235,748.221,0.0,0.0,0.0,정상
WELD_D08_L2_A150,1,118.751,-60.353,-748.716,118.751,60.353,748.716,13.729,4.494,-0.138,정상
WELD_D08_L2_A150,2,113.772,-58.458,-749.872,113.772,58.458,749.872,19.111,5.255,-0.553,정상
WELD_D08_L2_A150,3,92.053,-48.327,-756.933,92.053,48.327,756.933,44.043,6.841,-0.805,정상
WELD_D08_L2_A150,4,74.463,-39.618,-764.417,74.463,39.618,764.417,65.046,6.514,-0.674,정상
WELD_D08_L2_A150,5,62.354,-32.824,-767.807,62.354,32.824,767.807,79.23,8.007,0.263,정상
WELD_D08_L2_A150,6,49.017,-28.06,-772.009,49.017,28.06,772.009,93.897,8.985,-1.206,정상
WELD_D08_L2_A150,7,40.644,-23.907,-776.298,40.644,23.907,776.298,104.146,8.149,-1.187,정상
WELD_D08_L2_A150,8,29.791,-17.111,-782.686,29.791,17.111,782.686,118.295,6.407,0.066,정상
WELD_D08_L2_A150,9,25.126,-15.253,-784.635,25.126,15.253,784.635,123.667,6.316,-0.306,정상
WELD_D08_L2_A150,10,8.605,-6.509,-790.472,8.605,6.509,790.472,143.218,7.173,0.411,정상
WELD_D08_L2_A150,11,-12.784,2.611,-800.881,-12.784,-2.611,800.881,168.602,5.425,-0.852,정상
WELD_D08_L2_A150,12,-20.851,6.879,-804.381,-20.851,-6.879,804.381,178.37,5.234,-0.547,정상
WELD_D08_L2_A150,13,-41.778,17.422,-811.469,-41.778,-17.422,811.469,202.811,6.563,-0.101,정상
WELD_D08_L2_A150,14,-54.335,23.88,-816.955,-54.335,-23.88,816.955,217.952,6.214,0.202,정상
WELD_D08_L2_A150,15,-66.213,30.051,-823.005,-66.213,-30.051,823.005,232.595,5.084,0.487,정상
WELD_D08_L2_A150,16,-86.346,38.606,-834.295,-86.346,-38.606,834.295,256.988,2.038,-0.831,정상
WELD_D08_L2_A150,17,-95.391,42.813,-838.303,-95.391,-42.813,838.303,267.731,1.697,-1.02,정상
WELD_D08_L2_A150,18,-98.782,45.238,-839.865,-98.782,-45.238,839.865,272.127,1.585,-0.326,정상
WELD_D08_L2_A150,19,-115.64,53.373,-848.375,-115.64,-53.373,848.375,292.628,0.0,-0.482,정상
WELD_D08_L2_A160,0,125.869,-58.668,-752.946,125.869,58.668,752.946,0.0,0.0,0.0,정상
WELD_D08_L2_A160,1,110.69,-54.964,-754.942,110.69,54.964,754.942,15.701,1.044,-0.685,정상
WELD_D08_L2_A160,2,92.85,-50.016,-760.178,92.85,50.016,760.178,34.884,-0.424,-0.542,정상
WELD_D08_L2_A160,3,78.334,-46.693,-763.491,78.334,46.693,763.491,50.119,-0.829,-1.217,정상
WELD_D08_L2_A160,4,58.635,-40.967,-765.994,58.635,40.967,765.994,70.723,0.78,-1.247,정상
WELD_D08_L2_A160,5,25.801,-29.698,-770.302,25.801,29.698,770.302,105.549,3.649,0.353,정상
WELD_D08_L2_A160,6,12.549,-25.803,-773.945,12.549,25.803,773.945,119.808,2.837,0.634,정상
WELD_D08_L2_A160,7,2.334,-23.722,-777.159,2.334,23.722,777.159,130.635,1.648,0.032,정상
WELD_D08_L2_A160,8,-1.104,-23.716,-778.177,-1.104,23.716,778.177,134.083,1.182,-0.836,정상
WELD_D08_L2_A160,9,-11.668,-21.688,-779.649,-11.668,21.688,779.649,144.881,1.728,-1.822,정상
WELD_D08_L2_A160,10,-26.194,-17.347,-781.396,-26.194,17.347,781.396,160.086,3.032,-1.745,정상
WELD_D08_L2_A160,11,-49.548,-10.937,-788.199,-49.548,10.937,788.199,185.171,1.146,-1.629,정상
WELD_D08_L2_A160,12,-63.592,-5.231,-790.443,-63.592,5.231,790.443,200.38,2.146,-0.052,정상
WELD_D08_L2_A160,13,-91.558,1.782,-793.949,-91.558,-1.782,793.949,229.326,4.273,-1.158,정상
WELD_D08_L2_A160,14,-115.298,9.531,-796.746,-115.298,-9.531,796.746,254.337,6.582,-0.42,정상
WELD_D08_L2_A160,15,-129.639,12.7,-801.205,-129.639,-12.7,801.205,269.593,5.009,-1.037,정상
WELD_D08_L2_A160,16,-151.69,19.762,-811.144,-151.69,-19.762,811.144,294.239,-0.0,0.496,정상
WELD_D08_L2_A170,0,123.337,-36.658,-777.153,123.337,36.658,777.153,0.0,0.0,0.0,정상
WELD_D08_L2_A170,1,108.836,-33.677,-776.318,108.836,33.677,776.318,14.631,-2.391,-0.279,정상
WELD_D08_L2_A170,2,99.098,-32.383,-776.327,99.098,32.383,776.327,24.388,-3.41,0.225,정상
WELD_D08_L2_A170,3,84.224,-30.051,-777.902,84.224,30.051,777.902,39.521,-3.425,0.632,정상
WELD_D08_L2_A170,4,79.327,-29.965,-778.65,79.327,29.965,778.65,44.404,-3.183,1.434,정상
WELD_D08_L2_A170,5,49.833,-24.314,-782.526,49.833,24.314,782.526,74.675,-2.491,1.226,정상
WELD_D08_L2_A170,6,16.067,-19.145,-784.508,16.067,19.145,784.508,108.837,-4.106,2.285,정상
WELD_D08_L2_A170,7,-3.663,-14.092,-787.358,-3.663,14.092,787.358,129.344,-3.423,0.893,정상
WELD_D08_L2_A170,8,-22.314,-10.206,-788.219,-22.314,10.206,788.219,148.375,-4.575,0.467,정상
WELD_D08_L2_A170,9,-41.843,-6.601,-790.773,-41.843,6.601,790.773,168.392,-4.125,0.463,정상
WELD_D08_L2_A170,10,-55.064,-2.933,-791.467,-55.064,2.933,791.467,182.056,-4.884,-0.737,정상
WELD_D08_L2_A170,11,-76.149,-0.341,-795.274,-76.149,0.341,795.274,203.545,-3.32,0.528,정상
WELD_D08_L2_A170,12,-84.438,0.36,-795.891,-84.438,-0.36,795.891,211.843,-3.572,1.345,정상
WELD_D08_L2_A170,13,-100.82,3.16,-796.513,-100.82,-3.16,796.513,228.434,-4.701,1.575,정상
WELD_D08_L2_A170,14,-117.708,7.915,-798.412,-117.708,-7.915,798.412,246.007,-4.664,-0.035,정상
WELD_D08_L2_A170,15,-132.025,10.674,-799.79,-132.025,-10.674,799.79,260.651,-4.83,-0.148,정상
WELD_D08_L2_A170,16,-144.481,12.278,-801.948,-144.481,-12.278,801.948,273.349,-3.999,0.529,정상
WELD_D08_L2_A170,17,-156.67,14.086,-806.354,-156.67,-14.086,806.354,286.059,-0.91,0.938,정상
WELD_D08_L2_A170,18,-162.719,15.585,-807.931,-162.719,-15.585,807.931,292.411,-0.0,0.554,정상
WELD_D12_L1_A010,0,-104.679,19.093,-1188.532,-104.679,-19.093,1188.532,0.0,0.0,0.0,정상
WELD_D12_L1_A010,1,-96.066,21.1,-1184.605,-96.066,-21.1,1184.605,8.151,4.796,-2.043,정상
WELD_D12_L1_A010,2,-88.653,22.198,-1182.711,-88.653,-22.198,1182.711,15.315,7.548,-2.973,정상
WELD_D12_L1_A010,3,-84.539,22.079,-1181.07,-84.539,-22.079,1181.07,19.158,9.749,-2.85,정상
WELD_D12_L1_A010,4,-77.271,22.292,-1180.604,-77.271,-22.292,1180.604,26.298,11.195,-2.714,정상
WELD_D12_L1_A010,5,-69.747,19.846,-1179.987,-69.747,-19.846,1179.987,33.471,13.172,0.044,정상
WELD_D12_L1_A010,6,-63.029,19.282,-1180.402,-63.029,-19.282,1180.402,40.124,13.777,1.042,정상
WELD_D12_L1_A010,7,-47.844,21.54,-1180.458,-47.844,-21.54,1180.458,55.312,15.55,-0.321,정상
WELD_D12_L1_A010,8,-44.175,23.613,-1180.437,-44.175,-23.613,1180.437,59.093,15.813,-2.165,정상
WELD_D12_L1_A010,9,-40.473,24.277,-1180.999,-40.473,-24.277,1180.999,62.876,15.692,-2.533,정상
WELD_D12_L1_A010,10,-18.869,23.851,-1184.578,-18.869,-23.851,1184.578,84.668,15.254,-0.386,정상
WELD_D12_L1_A010,11,-14.662,24.531,-1184.976,-14.662,-24.531,1184.976,88.93,15.362,-0.765,정상
WELD_D12_L1_A010,12,-4.24,27.595,-1187.364,-4.24,-27.595,1187.364,99.776,14.076,-2.869,정상
WELD_D12_L1_A010,13,-0.195,27.688,-1189.131,-0.195,-27.688,1189.131,104.013,12.895,-2.484,정상
WELD_D12_L1_A010,14,11.256,30.587,-1194.267,11.256,-30.587,1194.267,116.222,9.076,-3.984,정상
WELD_D12_L1_A010,15,25.968,29.272,-1199.359,25.968,-29.272,1199.359,131.333,6.306,-1.138,정상
WELD_D12_L1_A010,16,37.125,29.486,-1201.718,37.125,-29.486,1201.718,142.687,5.522,-0.388,정상
WELD_D12_L1_A010,17,52.257,31.588,-1202.196,52.257,-31.588,1202.196,157.866,6.893,-1.54,정상
WELD_D12_L1_A010,18,63.581,32.419,-1203.133,63.581,-32.419,1203.133,169.246,7.448,-1.588,정상
WELD_D12_L1_A010,19,67.297,32.387,-1203.996,67.297,-32.387,1203.996,173.03,7.124,-1.225,정상
WELD_D12_L1_A010,20,78.955,34.562,-1208.21,78.955,-34.562,1208.21,185.269,4.334,-2.126,정상
WELD_D12_L1_A010,21,90.857,36.345,-1211.083,90.857,-36.345,1211.083,197.544,2.945,-2.812,정상
WELD_D12_L1_A010,22,101.708,37.96,-1211.529,101.708,-37.96,1211.529,208.451,3.813,-3.731,정상
WELD_D12_L1_A010,23,109.653,36.974,-1210.478,109.653,-36.974,1210.478,216.094,6.084,-2.452,정상
WELD_D12_L1_A010,24,116.379,37.845,-1210.039,116.379,-37.845,1210.039,222.75,7.341,-2.992,정상
WELD_D12_L1_A010,25,120.337,36.976,-1209.817,120.337,-36.976,1209.817,226.569,8.225,-1.94,정상
WELD_D12_L1_A010,26,131.719,36.427,-1211.156,131.719,-36.427,1211.156,237.955,8.574,-0.565,정상
WELD_D12_L1_A010,27,155.433,38.97,-1218.047,155.433,-38.97,1218.047,262.489,4.793,-0.771,정상
WELD_D12_L1_A010,28,167.507,40.499,-1223.037,167.507,-40.499,1223.037,275.193,1.383,-0.9,정상
WELD_D12_L1_A010,29,175.782,40.193,-1225.665,175.782,-40.193,1225.665,283.694,0.0,0.238,정상
WELD_D12_L1_A020,0,-105.88,9.434,-1177.778,-105.88,-9.434,1177.778,0.0,0.0,0.0,정상
WELD_D12_L1_A020,1,-100.06,11.367,-1176.719,-100.06,-11.367,1176.719,5.664,2.44,-0.838,정상
WELD_D12_L1_A020,2,-84.342,14.491,-1172.693,-84.342,-14.491,1172.693,20.31,10.087,-1.048,정상
WELD_D12_L1_A020,3,-69.484,18.095,-1171.68,-69.484,-18.095,1171.68,34.922,14.622,-1.867,정상
WELD_D12_L1_A020,4,-58.618,20.42,-1171.8,-58.618,-20.42,1171.8,45.753,17.091,-2.156,정상
WELD_D12_L1_A020,5,-54.675,19.494,-1172.485,-54.675,-19.494,1172.485,49.514,17.299,-0.516,정상
WELD_D12_L1_A020,6,-44.665,21.25,-1174.452,-44.665,-21.25,1174.452,59.854,17.754,-0.39,정상
WELD_D12_L1_A020,7,-40.369,22.721,-1175.842,-40.369,-22.721,1175.842,64.549,17.445,-1.037,정상
WELD_D12_L1_A020,8,-33.752,23.081,-1178.616,-33.752,-23.081,1178.616,71.583,16.283,-0.157,정상
WELD_D12_L1_A020,9,-22.796,26.707,-1183.215,-22.796,-26.707,1183.215,83.778,14.464,-1.678,정상
WELD_D12_L1_A020,10,-10.963,27.725,-1188.237,-10.963,-27.725,1188.237,96.439,12.341,-0.471,정상
WELD_D12_L1_A020,11,3.371,30.856,-1193.484,3.371,-30.856,1193.484,111.924,10.652,-0.88,정상
WELD_D12_L1_A020,12,11.186,33.728,-1197.428,11.186,-33.728,1197.428,120.829,8.719,-2.24,정상
WELD_D12_L1_A020,13,22.416,36.61,-1203.434,22.416,-36.61,1203.434,133.479,5.569,-2.97,정상
WELD_D12_L1_A020,14,42.958,40.802,-1208.676,42.958,-40.802,1208.676,155.087,5.352,-3.282,정상
WELD_D12_L1_A020,15,52.531,41.073,-1211.519,52.531,-41.073,1211.519,164.947,4.801,-1.77,정상
WELD_D12_L1_A020,16,60.265,40.104,-1214.762,60.265,-40.104,1214.762,172.918,3.391,0.625,정상
WELD_D12_L1_A020,17,71.736,42.128,-1218.529,71.736,-42.128,1218.529,185.122,2.441,0.769,정상
WELD_D12_L1_A020,18,76.699,43.595,-1219.238,76.699,-43.595,1219.238,190.295,2.948,0.243,정상
WELD_D12_L1_A020,19,86.917,47.275,-1218.969,86.917,-47.275,1218.969,200.66,5.695,-1.499,정상
WELD_D12_L1_A020,20,91.199,47.117,-1217.757,91.199,-47.117,1217.757,204.442,7.854,-0.565,정상
WELD_D12_L1_A020,21,97.904,48.85,-1217.243,97.904,-48.85,1217.243,211.042,9.96,-1.04,정상
WELD_D12_L1_A020,22,106.043,50.002,-1215.399,106.043,-50.002,1215.399,218.598,13.669,-0.689,정상
WELD_D12_L1_A020,23,120.934,52.54,-1216.976,120.934,-52.54,1216.976,233.653,15.655,-0.437,정상
WELD_D12_L1_A020,24,127.063,53.654,-1219.172,127.063,-53.654,1219.172,240.222,14.97,-0.392,정상
WELD_D12_L1_A020,25,134.99,55.083,-1223.745,134.99,-55.083,1223.745,249.121,12.4,-0.309,정상
WELD_D12_L1_A020,26,138.985,57.364,-1227.645,138.985,-57.364,1227.645,254.258,9.61,-1.791,정상
WELD_D12_L1_A020,27,146.001,58.675,-1232.012,146.001,-58.675,1232.012,262.217,7.026,-1.762,정상
WELD_D12_L1_A020,28,154.175,60.187,-1239.418,154.175,-60.187,1239.418,272.025,1.76,-1.697,정상
WELD_D12_L1_A020,29,162.824,61.314,-1243.317,162.824,-61.314,1243.317,281.402,-0.0,-1.189,정상
WELD_D12_L1_A030,0,-95.774,3.469,-1174.033,-95.774,-3.469,1174.033,0.0,0.0,0.0,정상
WELD_D12_L1_A030,1,-85.151,7.298,-1174.603,-85.151,-7.298,1174.603,10.846,-3.135,-0.604,정상
WELD_D12_L1_A030,2,-76.536,9.963,-1173.409,-76.536,-9.963,1173.409,18.944,-7.159,-1.596,정상
WELD_D12_L1_A030,3,-69.606,11.765,-1174.411,-69.606,-11.765,1174.411,25.981,-8.484,-2.593,정상
WELD_D12_L1_A030,4,-65.561,12.796,-1174.072,-65.561,-12.796,1174.072,29.778,-10.126,-3.248,정상
WELD_D12_L1_A030,5,-55.626,17.018,-1174.629,-55.626,-17.018,1174.629,40.156,-13.149,-3.224,정상
WELD_D12_L1_A030,6,-52.05,19.383,-1174.161,-52.05,-19.383,1174.161,43.969,-15.019,-2.477,정상
WELD_D12_L1_A030,7,-40.107,25.468,-1177.088,-40.107,-25.468,1177.088,57.541,-16.707,-1.389,정상
WELD_D12_L1_A030,8,-32.626,28.314,-1180.84,-32.626,-28.314,1180.84,66.332,-15.783,-1.482,정상
WELD_D12_L1_A030,9,-26.1,29.443,-1187.123,-26.1,-29.443,1187.123,74.512,-11.895,-2.63,정상
WELD_D12_L1_A030,10,-22.968,30.533,-1191.332,-22.968,-30.533,1191.332,79.022,-9.002,-2.608,정상
WELD_D12_L1_A030,11,-15.131,33.497,-1197.888,-15.131,-33.497,1197.888,89.087,-5.555,-2.568,정상
WELD_D12_L1_A030,12,-7.623,36.235,-1206.656,-7.623,-36.235,1206.656,99.51,0.11,-2.476,정상
WELD_D12_L1_A030,13,3.389,40.887,-1214.286,3.389,-40.887,1214.286,113.305,3.375,-2.065,정상
WELD_D12_L1_A030,14,15.107,46.171,-1218.464,15.107,-46.171,1218.464,126.808,3.073,-1.551,정상
WELD_D12_L1_A030,15,20.128,46.873,-1219.905,20.128,-46.873,1219.905,131.928,2.896,-2.785,정상
WELD_D12_L1_A030,16,32.529,50.586,-1223.936,32.529,-50.586,1223.936,145.428,2.546,-3.99,정상
WELD_D12_L1_A030,17,37.658,52.082,-1224.401,37.658,-52.082,1224.401,150.603,1.275,-4.595,정상
WELD_D12_L1_A030,18,49.349,58.725,-1227.401,49.349,-58.725,1227.401,164.175,-0.374,-2.89,정상
WELD_D12_L1_A030,19,57.145,63.616,-1228.561,57.145,-63.616,1228.561,173.112,-2.348,-1.38,정상
WELD_D12_L1_A030,20,64.974,66.556,-1231.423,64.974,-66.556,1231.423,181.949,-2.377,-1.575,정상
WELD_D12_L1_A030,21,68.898,68.921,-1232.639,68.898,-68.921,1232.639,186.62,-2.758,-0.866,정상
WELD_D12_L1_A030,22,73.079,69.612,-1234.786,73.079,-69.612,1234.786,191.233,-2.032,-1.741,정상
WELD_D12_L1_A030,23,88.889,76.266,-1241.943,88.889,-76.266,1241.943,209.783,-0.921,-1.395,정상
WELD_D12_L1_A030,24,96.737,79.753,-1246.752,96.737,-79.753,1246.752,219.468,0.782,-0.981,정상
WELD_D12_L1_A030,25,101.86,80.851,-1250.084,101.86,-80.851,1250.084,225.438,2.288,-1.781,정상
WELD_D12_L1_A030,26,112.957,85.596,-1256.189,112.957,-85.596,1256.189,238.84,4.074,-1.406,정상
WELD_D12_L1_A030,27,121.473,87.302,-1259.833,121.473,-87.302,1259.833,248.1,4.811,-2.957,정상
WELD_D12_L1_A030,28,129.047,90.02,-1261.0,129.047,-90.02,1261.0,256.078,3.295,-3.355,정상
WELD_D12_L1_A030,29,141.189,96.908,-1262.733,141.189,-96.908,1262.733,269.716,0.282,-1.676,정상
WELD_D12_L1_A030,30,148.899,100.374,-1265.391,148.899,-100.374,1265.391,278.567,0.0,-1.353,정상
WELD_D12_L1_A040,0,115.906,96.572,-1282.447,115.906,-96.572,1282.447,0.0,0.0,0.0,정상
WELD_D12_L1_A040,1,113.554,94.579,-1281.216,113.554,-94.579,1281.216,3.255,0.474,0.444,정상
WELD_D12_L1_A040,2,107.125,91.945,-1276.295,107.125,-91.945,1276.295,11.638,-0.958,0.036,정상
WELD_D12_L1_A040,3,103.421,91.668,-1272.64,103.421,-91.668,1272.64,16.302,-3.098,-0.874,정상
WELD_D12_L1_A040,4,94.65,87.248,-1266.271,94.65,-87.248,1266.271,27.941,-4.344,-0.921,정상
WELD_D12_L1_A040,5,90.755,85.603,-1262.212,90.755,-85.603,1262.212,33.536,-6.089,-0.808,정상
WELD_D12_L1_A040,6,89.196,84.479,-1259.807,89.196,-84.479,1259.807,36.336,-7.202,-0.181,정상
WELD_D12_L1_A040,7,77.336,75.905,-1250.425,77.336,-75.905,1250.425,53.564,-8.214,1.916,정상
WELD_D12_L1_A040,8,61.913,67.12,-1242.216,61.913,-67.12,1242.216,73.1,-7.392,1.686,정상
WELD_D12_L1_A040,9,54.6,61.53,-1239.615,54.6,-61.53,1239.615,82.394,-5.2,2.246,정상
WELD_D12_L1_A040,10,29.828,48.035,-1229.392,29.828,-48.035,1229.392,112.146,-1.716,0.528,정상
WELD_D12_L1_A040,11,22.982,42.306,-1226.125,22.982,-42.306,1226.125,121.446,-0.108,1.671,정상
WELD_D12_L1_A040,12,7.689,35.129,-1216.14,7.689,-35.129,1216.14,140.995,-1.614,0.859,정상
WELD_D12_L1_A040,13,3.12,33.85,-1212.883,3.12,-33.85,1212.883,146.583,-2.732,0.056,정상
WELD_D12_L1_A040,14,-1.333,30.411,-1209.461,-1.333,-30.411,1209.461,153.1,-2.916,0.977,정상
WELD_D12_L1_A040,15,-3.105,29.915,-1207.842,-3.105,-29.915,1207.842,155.431,-3.647,0.772,정상
WELD_D12_L1_A040,16,-15.544,22.315,-1199.538,-15.544,-22.315,1199.538,172.186,-4.13,1.476,정상
WELD_D12_L1_A040,17,-31.963,14.14,-1189.365,-31.963,-14.14,1189.365,193.128,-5.051,0.788,정상
WELD_D12_L1_A040,18,-38.369,11.668,-1184.248,-38.369,-11.668,1184.248,201.512,-6.735,0.332,정상
WELD_D12_L1_A040,19,-42.682,9.022,-1180.846,-42.682,-9.022,1180.846,207.566,-7.334,0.741,정상
WELD_D12_L1_A040,20,-47.012,7.473,-1177.44,-47.012,-7.473,1177.44,213.155,-8.489,0.326,정상
WELD_D12_L1_A040,21,-50.573,7.139,-1174.624,-50.573,-7.139,1174.624,217.348,-9.928,-0.709,정상
WELD_D12_L1_A040,22,-54.806,4.569,-1172.038,-54.806,-4.569,1172.038,222.932,-9.9,-0.553,정상
WELD_D12_L1_A040,23,-62.186,-1.391,-1168.884,-62.186,1.391,1168.884,232.694,-7.969,0.408,정상
WELD_D12_L1_A040,24,-73.29,-10.197,-1166.646,-73.29,10.197,1166.646,246.159,-3.049,0.98,정상
WELD_D12_L1_A040,25,-78.214,-13.469,-1164.899,-78.214,13.469,1164.899,252.2,-1.819,0.991,정상
WELD_D12_L1_A040,26,-82.469,-14.931,-1163.336,-82.469,14.931,1163.336,256.848,-1.494,0.002,정상
WELD_D12_L1_A040,27,-100.484,-24.254,-1154.956,-100.484,24.254,1154.956,278.704,-0.0,-1.327,정상
WELD_D12_L1_A050,0,112.94,107.077,-1294.297,112.94,-107.077,1294.297,0.0,0.0,0.0,정상
WELD_D12_L1_A050,1,109.477,104.093,-1290.867,109.477,-104.093,1290.867,5.682,-0.346,0.508,정상
WELD_D12_L1_A050,2,100.484,99.772,-1282.427,100.484,-99.772,1282.427,18.48,-2.757,-0.59,정상
WELD_D12_L1_A050,3,86.43,93.968,-1272.131,86.43,-93.968,1272.131,36.468,-4.723,-3.714,정상
WELD_D12_L1_A050,4,80.076,90.467,-1267.58,80.076,-90.467,1267.58,44.983,-5.044,-4.568,정상
WELD_D12_L1_A050,5,76.949,88.089,-1264.937,76.949,-88.089,1264.937,49.715,-5.165,-4.443,정상
WELD_D12_L1_A050,6,65.733,76.529,-1252.81,65.733,-76.529,1252.81,69.603,-6.054,-1.26,정상
WELD_D12_L1_A050,7,62.492,74.032,-1248.615,62.492,-74.032,1248.615,75.297,-7.332,-0.72,정상
WELD_D12_L1_A050,8,60.996,73.621,-1245.539,60.996,-73.621,1245.539,78.159,-9.247,-0.661,정상
WELD_D12_L1_A050,9,45.967,67.559,-1226.783,45.967,-67.559,1226.783,101.437,-17.657,-2.026,정상
WELD_D12_L1_A050,10,40.955,63.498,-1222.813,40.955,-63.498,1222.813,109.004,-17.499,-1.73,정상
WELD_D12_L1_A050,11,34.166,55.001,-1220.038,34.166,-55.001,1220.038,119.367,-13.539,-0.023,정상
WELD_D12_L1_A050,12,30.228,51.762,-1218.395,30.228,-51.762,1218.395,124.553,-12.201,-0.153,정상
WELD_D12_L1_A050,13,26.44,47.194,-1217.838,26.44,-47.194,1217.838,129.722,-9.29,0.419,정상
WELD_D12_L1_A050,14,23.152,44.497,-1216.627,23.152,-44.497,1216.627,133.963,-8.048,0.263,정상
WELD_D12_L1_A050,15,12.129,37.027,-1210.289,12.129,-37.027,1210.289,148.605,-6.582,-0.703,정상
WELD_D12_L1_A050,16,7.513,36.036,-1206.46,7.513,-36.036,1206.46,154.295,-8.093,-2.221,정상
WELD_D12_L1_A050,17,3.08,33.772,-1202.71,3.08,-33.772,1202.71,160.452,-8.878,-2.783,정상
WELD_D12_L1_A050,18,-9.493,25.704,-1190.822,-9.493,-25.704,1190.822,179.4,-11.203,-2.939,정상
WELD_D12_L1_A050,19,-11.028,23.017,-1189.094,-11.028,-23.017,1189.094,182.71,-10.769,-1.747,정상
WELD_D12_L1_A050,20,-18.951,16.058,-1182.696,-18.951,-16.058,1182.696,195.006,-10.32,-0.886,정상
WELD_D12_L1_A050,21,-22.637,12.305,-1180.307,-22.637,-12.305,1180.307,200.672,-9.354,-0.297,정상
WELD_D12_L1_A050,22,-46.447,-7.119,-1169.766,-46.447,7.119,1169.766,232.268,-1.842,-1.028,정상
WELD_D12_L1_A050,23,-61.156,-16.903,-1159.647,-61.156,16.903,1159.647,252.598,-1.324,-1.994,정상
WELD_D12_L1_A050,24,-65.7,-19.134,-1156.013,-65.7,19.134,1156.013,258.753,-2.009,-2.686,정상
WELD_D12_L1_A050,25,-70.078,-22.962,-1151.885,-70.078,22.962,1151.885,265.853,-2.247,-2.063,정상
WELD_D12_L1_A050,26,-78.607,-30.406,-1145.851,-78.607,30.406,1145.851,278.613,-1.103,-1.396,정상
WELD_D12_L1_A050,27,-81.312,-34.113,-1143.934,-81.312,34.113,1143.934,283.333,0.0,-0.284,정상
WELD_D12_L1_A130,0,-43.581,100.822,-1266.436,-43.581,-100.822,1266.436,0.0,0.0,0.0,정상
WELD_D12_L1_A130,1,-40.741,98.115,-1263.757,-40.741,-98.115,1263.757,4.717,-0.38,-0.403,정상
WELD_D12_L1_A130,2,-34.262,93.838,-1257.336,-34.262,-93.838,1257.336,14.548,-2.584,-0.303,정상
WELD_D12_L1_A130,3,-21.457,86.977,-1244.991,-21.457,-86.977,1244.991,32.907,-7.567,0.952,정상
WELD_D12_L1_A130,4,-15.825,82.788,-1239.932,-15.825,-82.788,1239.932,41.472,-8.787,0.934,정상
WELD_D12_L1_A130,5,-4.784,72.565,-1230.721,-4.784,-72.565,1230.721,59.075,-9.455,-0.056,정상
WELD_D12_L1_A130,6,-3.359,72.066,-1228.863,-3.359,-72.066,1228.863,61.196,-10.555,0.08,정상
WELD_D12_L1_A130,7,0.861,69.386,-1225.414,0.861,-69.386,1225.414,67.192,-11.453,0.451,정상
WELD_D12_L1_A130,8,6.586,61.903,-1224.183,6.586,-61.903,1224.183,75.881,-7.66,-0.177,정상
WELD_D12_L1_A130,9,11.515,57.066,-1222.378,11.515,-57.066,1222.378,82.801,-5.921,-0.014,정상
WELD_D12_L1_A130,10,16.098,51.815,-1221.44,16.098,-51.815,1221.44,89.314,-3.268,-0.064,정상
WELD_D12_L1_A130,11,18.682,48.268,-1221.968,18.682,-48.268,1221.968,92.82,-0.576,-0.089,정상
WELD_D12_L1_A130,12,34.826,37.887,-1212.877,34.826,-37.887,1212.877,113.885,-0.589,2.617,정상
WELD_D12_L1_A130,13,38.773,31.942,-1210.123,38.773,-31.942,1210.123,121.226,0.92,1.087,정상
WELD_D12_L1_A130,14,43.596,27.968,-1206.335,43.596,-27.968,1206.335,128.522,0.54,1.024,정상
WELD_D12_L1_A130,15,47.619,23.292,-1201.39,47.619,-23.292,1201.39,136.231,-0.456,-0.426,정상
WELD_D12_L1_A130,16,52.226,20.282,-1197.096,52.226,-20.282,1197.096,143.074,-1.819,-0.247,정상
WELD_D12_L1_A130,17,55.863,17.366,-1191.389,55.863,-17.366,1191.389,149.882,-4.478,-1.192,정상
WELD_D12_L1_A130,18,62.543,12.671,-1183.97,62.543,-12.671,1183.97,160.557,-7.239,-1.523,정상
WELD_D12_L1_A130,19,72.547,7.804,-1174.286,72.547,-7.804,1174.286,174.638,-11.445,-0.263,정상
WELD_D12_L1_A130,20,87.267,-2.803,-1161.788,87.267,2.803,1161.788,196.488,-14.239,0.132,정상
WELD_D12_L1_A130,21,103.523,-16.178,-1150.132,103.523,16.178,1150.132,220.547,-14.625,0.299,정상
WELD_D12_L1_A130,22,106.293,-19.195,-1148.578,106.293,19.195,1148.578,224.862,-13.916,0.034,정상
WELD_D12_L1_A130,23,110.323,-21.875,-1145.741,110.323,21.875,1145.741,230.44,-14.332,0.469,정상
WELD_D12_L1_A130,24,116.976,-28.012,-1143.383,116.976,28.012,1143.383,239.521,-12.143,0.945,정상
WELD_D12_L1_A130,25,124.19,-37.156,-1143.424,124.19,37.156,1143.424,249.553,-6.229,0.851,정상
WELD_D12_L1_A130,26,129.028,-46.034,-1144.302,129.028,46.034,1144.302,257.442,0.0,-0.554,정상
WELD_D12_L1_A140,0,137.789,-41.395,-1150.073,137.789,41.395,1150.073,0.0,0.0,0.0,정상
WELD_D12_L1_A140,1,125.475,-31.041,-1153.088,125.475,31.041,1153.088,15.703,4.589,-0.514,정상
WELD_D12_L1_A140,2,117.42,-25.94,-1155.204,117.42,25.94,1155.204,25.199,6.464,-1.82,정상
WELD_D12_L1_A140,3,108.431,-19.814,-1158.856,108.431,19.814,1158.856,36.578,7.794,-2.464,정상
WELD_D12_L1_A140,4,101.427,-12.103,-1159.892,101.427,12.103,1159.892,46.127,12.047,-1.921,정상
WELD_D12_L1_A140,5,100.352,-9.283,-1158.212,100.352,9.283,1158.212,47.61,15.151,-1.606,정상
WELD_D12_L1_A140,6,86.557,3.765,-1161.103,86.557,-3.765,1161.103,65.718,21.557,-1.495,정상
WELD_D12_L1_A140,7,83.59,5.646,-1162.544,83.59,-5.646,1162.544,69.505,21.724,-1.695,정상
WELD_D12_L1_A140,8,78.52,8.145,-1166.12,78.52,-8.145,1166.12,76.107,20.692,-2.006,정상
WELD_D12_L1_A140,9,65.52,11.25,-1180.011,65.52,-11.25,1180.011,93.441,12.298,-2.84,정상
WELD_D12_L1_A140,10,58.034,14.497,-1186.116,58.034,-14.497,1186.116,103.326,9.852,-3.223,정상
WELD_D12_L1_A140,11,54.081,14.59,-1189.949,54.081,-14.59,1189.949,107.998,7.094,-4.167,정상
WELD_D12_L1_A140,12,41.418,20.987,-1199.797,41.418,-20.987,1199.797,124.965,3.884,-4.46,정상
WELD_D12_L1_A140,13,28.513,30.663,-1207.8,28.513,-30.663,1207.8,142.951,4.139,-3.672,정상
WELD_D12_L1_A140,14,22.584,35.744,-1210.308,22.584,-35.744,1210.308,151.024,5.569,-3.413,정상
WELD_D12_L1_A140,15,17.968,40.84,-1211.832,17.968,-40.84,1211.832,157.693,7.713,-2.69,정상
WELD_D12_L1_A140,16,9.484,48.298,-1214.882,9.484,-48.298,1214.882,169.101,10.3,-2.432,정상
WELD_D12_L1_A140,17,8.556,50.333,-1214.292,8.556,-50.333,1214.292,170.557,12.054,-2.043,정상
WELD_D12_L1_A140,18,3.934,55.236,-1216.014,3.934,-55.236,1216.014,177.22,13.925,-1.359,정상
WELD_D12_L1_A140,19,-0.708,57.448,-1218.516,-0.708,-57.448,1218.516,182.888,13.547,-2.018,정상
WELD_D12_L1_A140,20,-7.945,64.156,-1221.295,-7.945,-64.156,1221.295,192.871,15.823,-1.51,정상
WELD_D12_L1_A140,21,-18.618,70.817,-1226.819,-18.618,-70.817,1226.819,206.594,16.089,-2.149,정상
WELD_D12_L1_A140,22,-35.188,78.48,-1240.358,-35.188,-78.48,1240.358,228.725,10.942,-2.692,정상
WELD_D12_L1_A140,23,-47.108,83.721,-1252.681,-47.108,-83.721,1252.681,245.64,5.026,-2.156,정상
WELD_D12_L1_A140,24,-54.993,88.74,-1259.353,-54.993,-88.74,1259.353,256.962,3.227,-1.472,정상
WELD_D12_L1_A140,25,-59.139,92.605,-1261.936,-59.139,-92.605,1261.936,263.125,3.758,-0.747,정상
WELD_D12_L1_A140,26,-62.666,94.551,-1264.473,-62.666,-94.551,1264.473,267.843,3.127,-0.814,정상
WELD_D12_L1_A140,27,-67.63,95.725,-1268.609,-67.63,-95.725,1268.609,273.945,0.841,-1.634,정상
WELD_D12_L1_A140,28,-74.84,99.759,-1273.272,-74.84,-99.759,1273.272,283.389,-0.0,-1.959,정상
WELD_D12_L1_A150,0,133.28,-34.892,-1163.611,133.28,34.892,1163.611,0.0,0.0,0.0,정상
WELD_D12_L1_A150,1,119.126,-27.718,-1167.391,119.126,27.718,1167.391,16.251,-1.395,-0.232,정상
WELD_D12_L1_A150,2,87.71,-12.91,-1177.938,87.71,12.91,1177.938,52.531,-2.094,-1.086,정상
WELD_D12_L1_A150,3,85.577,-7.277,-1177.537,85.577,7.277,1177.537,56.425,-5.808,-3.823,정상
WELD_D12_L1_A150,4,77.758,-3.16,-1179.779,77.758,3.16,1179.779,65.506,-6.546,-4.141,정상
WELD_D12_L1_A150,5,74.571,0.028,-1179.293,74.571,-0.028,1179.293,69.369,-8.873,-4.604,정상
WELD_D12_L1_A150,6,67.535,3.274,-1180.157,67.535,-3.274,1180.157,77.028,-10.188,-3.963,정상
WELD_D12_L1_A150,7,62.048,1.83,-1181.733,62.048,-1.83,1181.733,81.755,-8.109,-1.132,정상
WELD_D12_L1_A150,8,58.346,4.062,-1180.917,58.346,-4.062,1180.917,85.61,-10.132,-0.502,정상
WELD_D12_L1_A150,9,44.828,10.137,-1183.175,44.828,-10.137,1183.175,100.438,-12.082,0.53,정상
WELD_D12_L1_A150,10,36.88,12.091,-1187.624,36.88,-12.091,1187.624,109.459,-9.759,0.648,정상
WELD_D12_L1_A150,11,27.029,16.318,-1193.236,27.029,-16.318,1193.236,121.354,-7.884,-0.528,정상
WELD_D12_L1_A150,12,18.458,20.988,-1197.319,18.458,-20.988,1197.319,131.847,-7.486,-1.834,정상
WELD_D12_L1_A150,13,14.234,22.435,-1199.046,14.234,-22.435,1199.046,136.609,-7.007,-1.727,정상
WELD_D12_L1_A150,14,-3.515,29.25,-1203.853,-3.515,-29.25,1203.853,156.178,-7.395,-0.515,정상
WELD_D12_L1_A150,15,-11.016,33.022,-1205.864,-11.016,-33.022,1205.864,164.781,-8.111,-0.62,정상
WELD_D12_L1_A150,16,-19.086,35.413,-1209.447,-19.086,-35.413,1209.447,173.82,-6.745,-0.3,정상
WELD_D12_L1_A150,17,-33.935,41.234,-1215.955,-33.935,-41.234,1215.955,190.968,-5.15,-0.668,정상
WELD_D12_L1_A150,18,-41.646,45.009,-1218.913,-41.646,-45.009,1218.913,200.035,-5.11,-1.169,정상
WELD_D12_L1_A150,19,-46.323,46.318,-1221.061,-46.323,-46.318,1221.061,205.266,-4.215,-0.966,정상
WELD_D12_L1_A150,20,-59.126,52.49,-1225.237,-59.126,-52.49,1225.237,220.068,-4.68,-1.347,정상
WELD_D12_L1_A150,21,-64.162,54.263,-1227.361,-64.162,-54.263,1227.361,225.782,-4.086,-1.287,정상
WELD_D12_L1_A150,22,-76.412,61.342,-1232.033,-76.412,-61.342,1232.033,240.589,-4.693,-2.832,정상
WELD_D12_L1_A150,23,-85.606,63.582,-1235.69,-85.606,-63.582,1235.69,250.579,-3.187,-1.903,정상
WELD_D12_L1_A150,24,-93.998,67.016,-1238.661,-93.998,-67.016,1238.661,260.117,-2.938,-1.844,정상
WELD_D12_L1_A150,25,-97.576,67.347,-1240.46,-97.576,-67.347,1240.46,263.91,-1.728,-1.297,정상
WELD_D12_L1_A150,26,-116.254,75.421,-1248.861,-116.254,-75.421,1248.861,285.829,-0.0,-2.402,정상
WELD_D12_L1_A160,0,140.397,-21.535,-1166.636,140.397,21.535,1166.636,0.0,0.0,0.0,정상
WELD_D12_L1_A160,1,131.648,-20.25,-1165.113,131.648,20.25,1165.113,8.183,3.655,-0.456,정상
WELD_D12_L1_A160,2,126.208,-20.197,-1162.209,126.208,20.197,1162.209,12.621,7.903,-0.984,정상
WELD_D12_L1_A160,3,114.922,-17.922,-1157.95,114.922,17.922,1157.95,22.839,14.685,-0.45,정상
WELD_D12_L1_A160,4,110.607,-15.879,-1156.768,110.607,15.879,1156.768,27.179,16.659,0.757,정상
WELD_D12_L1_A160,5,97.724,-11.278,-1158.591,97.724,11.278,1158.591,40.905,17.741,1.69,정상
WELD_D12_L1_A160,6,86.899,-8.099,-1161.971,86.899,8.099,1161.971,52.657,17.017,1.392,정상
WELD_D12_L1_A160,7,73.207,-4.629,-1167.502,73.207,4.629,1167.502,67.645,15.005,0.2,정상
WELD_D12_L1_A160,8,68.461,-5.499,-1169.725,68.461,5.499,1169.725,72.32,14.365,-2.242,정상
WELD_D12_L1_A160,9,57.182,-5.067,-1174.495,57.182,5.067,1174.495,84.024,12.91,-5.564,정상
WELD_D12_L1_A160,10,49.188,-2.338,-1177.528,49.188,2.338,1177.528,92.931,11.803,-5.55,정상
WELD_D12_L1_A160,11,42.987,3.217,-1180.166,42.987,-3.217,1180.166,100.88,10.101,-2.36,정상
WELD_D12_L1_A160,12,33.473,6.911,-1183.975,33.473,-6.911,1183.975,111.652,8.521,-1.969,정상
WELD_D12_L1_A160,13,18.344,9.554,-1188.98,18.344,-9.554,1188.98,127.627,7.543,-4.151,정상
WELD_D12_L1_A160,14,3.725,13.694,-1192.372,3.725,-13.694,1192.372,143.191,7.7,-4.424,정상
WELD_D12_L1_A160,15,-11.3,20.712,-1196.553,-11.3,-20.712,1196.553,160.128,6.743,-2.257,정상
WELD_D12_L1_A160,16,-21.97,26.609,-1199.305,-21.97,-26.609,1199.305,172.368,6.116,0.194,정상
WELD_D12_L1_A160,17,-33.259,29.627,-1201.265,-33.259,-29.627,1201.265,184.189,6.89,-0.031,정상
WELD_D12_L1_A160,18,-41.329,32.817,-1201.788,-41.329,-32.817,1201.788,192.736,8.102,0.99,정상
WELD_D12_L1_A160,19,-55.433,35.425,-1205.071,-55.433,-35.425,1205.071,207.362,8.476,-0.583,정상
WELD_D12_L1_A160,20,-78.931,40.758,-1211.866,-78.931,-40.758,1211.866,232.304,7.678,-2.583,정상
WELD_D12_L1_A160,21,-87.749,44.009,-1215.025,-87.749,-44.009,1215.025,242.155,6.594,-2.297,정상
WELD_D12_L1_A160,22,-91.054,46.692,-1216.623,-91.054,-46.692,1216.623,246.356,5.55,-0.904,정상
WELD_D12_L1_A160,23,-101.017,52.148,-1220.516,-101.017,-52.148,1220.516,258.066,3.721,1.027,정상
WELD_D12_L1_A160,24,-103.146,53.501,-1222.301,-103.146,-53.501,1222.301,260.835,2.398,1.393,정상
WELD_D12_L1_A160,25,-114.648,56.37,-1227.208,-114.648,-56.37,1227.208,273.47,0.469,0.286,정상
WELD_D12_L1_A160,26,-123.506,56.262,-1230.321,-123.506,-56.262,1230.321,282.393,-0.0,-2.597,정상
WELD_D12_L1_A170,0,140.27,-0.383,-1188.706,140.27,0.383,1188.706,0.0,0.0,0.0,정상
WELD_D12_L1_A170,1,133.435,0.211,-1188.244,133.435,-0.211,1188.244,6.762,1.241,-0.109,정상
WELD_D12_L1_A170,2,125.756,2.079,-1187.085,125.756,-2.079,1187.085,14.489,2.863,1.103,정상
WELD_D12_L1_A170,3,118.263,4.046,-1187.916,118.263,-4.046,1187.916,22.245,2.558,1.774,정상
WELD_D12_L1_A170,4,113.677,6.054,-1188.147,113.677,-6.054,1188.147,27.094,2.381,3.03,정상
WELD_D12_L1_A170,5,99.569,7.073,-1188.15,99.569,-7.073,1188.15,41.113,4.109,2.295,정상
WELD_D12_L1_A170,6,83.767,8.216,-1185.386,83.767,-8.216,1185.386,56.543,8.643,2.384,정상
WELD_D12_L1_A170,7,73.675,9.873,-1185.159,73.675,-9.873,1185.159,66.698,9.805,2.803,정상
WELD_D12_L1_A170,8,66.222,9.542,-1184.895,66.222,-9.542,1184.895,73.939,11.238,1.687,정상
WELD_D12_L1_A170,9,58.98,10.596,-1184.589,58.98,-10.596,1184.589,81.19,12.249,1.908,정상
WELD_D12_L1_A170,10,48.255,12.105,-1182.982,48.255,-12.105,1182.982,91.807,14.845,2.567,정상
WELD_D12_L1_A170,11,40.277,11.11,-1183.547,40.277,-11.11,1183.547,99.539,15.783,0.494,정상
WELD_D12_L1_A170,12,29.72,11.268,-1186.349,29.72,-11.268,1186.349,110.209,14.635,-1.544,정상
WELD_D12_L1_A170,13,25.559,11.91,-1188.285,25.559,-11.91,1188.285,114.59,13.221,-2.078,정상
WELD_D12_L1_A170,14,18.702,14.382,-1189.878,18.702,-14.382,1189.878,121.877,11.95,-1.108,정상
WELD_D12_L1_A170,15,15.202,16.369,-1191.334,15.202,-16.369,1191.334,125.777,10.472,-0.145,정상
WELD_D12_L1_A170,16,10.636,17.695,-1193.041,10.636,-17.695,1193.041,130.642,9.119,-0.011,정상
WELD_D12_L1_A170,17,-7.297,20.964,-1195.958,-7.297,-20.964,1195.958,149.067,7.965,-0.056,정상
WELD_D12_L1_A170,18,-26.34,24.53,-1196.876,-26.34,-24.53,1196.876,168.431,8.757,0.704,정상
WELD_D12_L1_A170,19,-40.846,25.354,-1198.319,-40.846,-25.354,1198.319,182.952,9.251,-0.737,정상
WELD_D12_L1_A170,20,-52.342,27.932,-1197.251,-52.342,-27.932,1197.251,194.551,11.12,0.654,정상
WELD_D12_L1_A170,21,-56.16,29.209,-1196.306,-56.16,-29.209,1196.306,198.412,12.164,1.703,정상
WELD_D12_L1_A170,22,-70.993,32.27,-1195.606,-70.993,-32.27,1195.606,213.401,14.021,3.026,정상
WELD_D12_L1_A170,23,-85.953,35.459,-1198.92,-85.953,-35.459,1198.92,228.932,12.088,3.132,정상
WELD_D12_L1_A170,24,-94.178,37.382,-1202.763,-94.178,-37.382,1202.763,237.697,9.074,2.684,정상
WELD_D12_L1_A170,25,-105.291,40.011,-1206.063,-105.291,-40.011,1206.063,249.358,6.77,2.73,정상
WELD_D12_L1_A170,26,-109.111,39.837,-1207.719,-109.111,-39.837,1207.719,253.246,5.823,1.565,정상
WELD_D12_L1_A170,27,-120.412,41.445,-1210.685,-120.412,-41.445,1210.685,264.895,4.178,0.741,정상
WELD_D12_L1_A170,28,-124.496,42.568,-1212.637,-124.496,-42.568,1212.637,269.279,2.588,0.662,정상
WELD_D12_L1_A170,29,-140.109,44.88,-1215.671,-140.109,-44.88,1215.671,285.283,1.285,-0.04,정상
WELD_D12_L1_A170,30,-144.655,46.409,-1217.236,-144.655,-46.409,1217.236,290.148,0.0,0.333,정상
WELD_D12_L2_A000,0,176.145,21.822,-1203.404,176.145,-21.822,1203.404,0.0,0.0,0.0,정상
WELD_D12_L2_A000,1,171.808,19.562,-1201.902,171.808,-19.562,1201.902,4.298,1.51,-2.328,정상
WELD_D12_L2_A000,2,164.167,18.035,-1197.878,164.167,-18.035,1197.878,11.96,5.464,-3.929,정상
WELD_D12_L2_A000,3,156.108,18.808,-1196.199,156.108,-18.808,1196.199,20.065,6.987,-3.324,정상
WELD_D12_L2_A000,4,148.56,20.927,-1194.215,148.56,-20.927,1194.215,27.7,8.778,-1.35,정상
WELD_D12_L2_A000,5,137.664,22.442,-1194.293,137.664,-22.442,1194.293,38.63,8.476,-0.142,정상
WELD_D12_L2_A000,6,133.841,21.698,-1194.103,133.841,-21.698,1194.103,42.434,8.631,-0.986,정상
WELD_D12_L2_A000,7,122.431,21.704,-1193.903,122.431,-21.704,1193.903,53.842,8.652,-1.291,정상
WELD_D12_L2_A000,8,113.358,20.269,-1194.591,113.358,-20.269,1194.591,62.86,7.87,-3.0,정상
WELD_D12_L2_A000,9,107.653,20.369,-1195.781,107.653,-20.369,1195.781,68.544,6.587,-3.1,정상
WELD_D12_L2_A000,10,89.656,23.309,-1200.502,89.656,-23.309,1200.502,86.534,1.485,-0.824,정상
WELD_D12_L2_A000,11,78.267,24.17,-1201.005,78.267,-24.17,1201.005,97.932,0.774,-0.299,정상
WELD_D12_L2_A000,12,67.33,24.127,-1200.811,67.33,-24.127,1200.811,108.865,0.796,-0.639,정상
WELD_D12_L2_A000,13,52.056,21.828,-1200.006,52.056,-21.828,1200.006,124.082,1.439,-3.334,정상
WELD_D12_L2_A000,14,44.409,20.326,-1200.409,44.409,-20.326,1200.409,131.678,0.968,-5.061,정상
WELD_D12_L2_A000,15,25.927,22.65,-1200.78,25.927,-22.65,1200.78,150.208,0.225,-3.267,정상
WELD_D12_L2_A000,16,18.357,24.019,-1199.787,18.357,-24.019,1199.787,157.827,1.051,-2.076,정상
WELD_D12_L2_A000,17,-0.183,23.974,-1197.4,-0.183,-23.974,1197.4,176.396,3.145,-2.557,정상
WELD_D12_L2_A000,18,-33.818,28.47,-1195.405,-33.818,-28.47,1195.405,210.17,4.454,1.066,정상
WELD_D12_L2_A000,19,-52.344,29.206,-1197.294,-52.344,-29.206,1197.294,228.676,2.249,1.221,정상
WELD_D12_L2_A000,20,-56.169,28.444,-1197.892,-56.169,-28.444,1197.892,232.468,1.617,0.333,정상
WELD_D12_L2_A000,21,-67.104,28.442,-1197.699,-67.104,-28.442,1197.699,243.401,1.638,0.033,정상
WELD_D12_L2_A000,22,-70.948,26.897,-1197.093,-70.948,-26.897,1197.093,247.21,2.236,-1.597,정상
WELD_D12_L2_A000,23,-81.9,26.188,-1195.504,-81.9,-26.188,1195.504,258.163,3.675,-2.557,정상
WELD_D12_L2_A000,24,-89.547,24.65,-1195.003,-89.547,-24.65,1195.003,265.773,4.108,-4.288,정상
WELD_D12_L2_A000,25,-100.924,26.083,-1197.62,-100.924,-26.083,1197.62,277.14,1.264,-3.263,정상
WELD_D12_L2_A000,26,-108.531,26.16,-1198.763,-108.531,-26.16,1198.763,284.726,-0.0,-3.437,정상
WELD_D12_L2_A010,0,180.522,38.05,-1232.5,180.522,-38.05,1232.5,0.0,0.0,0.0,정상
WELD_D12_L2_A010,1,171.96,36.05,-1230.229,171.96,-36.05,1230.229,8.942,-0.645,1.443,정상
WELD_D12_L2_A010,2,164.129,33.742,-1226.303,164.129,-33.742,1226.303,17.448,-2.943,3.553,정상
WELD_D12_L2_A010,3,155.697,33.779,-1222.011,155.697,-33.779,1222.011,26.415,-5.952,3.367,정상
WELD_D12_L2_A010,4,139.702,35.0,-1216.798,139.702,-35.0,1216.798,42.881,-9.027,1.378,정상
WELD_D12_L2_A010,5,131.645,35.151,-1216.551,131.645,-35.151,1216.551,50.84,-8.176,0.418,정상
WELD_D12_L2_A010,6,105.704,31.976,-1216.82,105.704,-31.976,1216.82,76.591,-3.716,0.729,정상
WELD_D12_L2_A010,7,94.627,31.76,-1214.578,94.627,-31.76,1214.578,87.863,-4.317,0.154,정상
WELD_D12_L2_A010,8,90.48,32.501,-1213.254,90.48,-32.501,1213.254,92.095,-5.167,-0.782,정상
WELD_D12_L2_A010,9,86.852,31.842,-1212.361,86.852,-31.842,1212.361,95.858,-5.408,-0.367,정상
WELD_D12_L2_A010,10,71.756,27.312,-1210.584,71.756,-27.312,1210.584,111.357,-4.191,2.776,정상
WELD_D12_L2_A010,11,67.648,25.084,-1210.564,67.648,-25.084,1210.564,115.581,-3.223,4.525,정상
WELD_D12_L2_A010,12,60.664,24.921,-1209.618,60.664,-24.921,1209.618,122.618,-3.141,4.108,정상
WELD_D12_L2_A010,13,40.996,26.995,-1206.409,40.996,-26.995,1206.409,142.319,-3.918,0.547,정상
WELD_D12_L2_A010,14,22.637,24.072,-1203.314,22.637,-24.072,1203.314,161.109,-3.829,1.998,정상
WELD_D12_L2_A010,15,18.559,22.634,-1202.663,18.559,-22.634,1202.663,165.34,-3.627,3.086,정상
WELD_D12_L2_A010,16,-7.475,21.802,-1198.952,-7.475,-21.802,1198.952,191.617,-3.463,1.783,정상
WELD_D12_L2_A010,17,-26.277,20.234,-1198.296,-26.277,-20.234,1198.296,210.356,-1.195,1.437,정상
WELD_D12_L2_A010,18,-56.158,16.342,-1193.147,-56.158,-16.342,1193.147,240.887,-1.321,2.971,정상
WELD_D12_L2_A010,19,-66.524,17.078,-1192.111,-66.524,-17.078,1192.111,251.197,-1.026,1.331,정상
WELD_D12_L2_A010,20,-74.706,18.008,-1192.339,-74.706,-18.008,1192.339,259.144,0.158,-0.487,정상
WELD_D12_L2_A010,21,-81.663,17.093,-1191.601,-81.663,-17.093,1191.601,266.182,0.579,-0.201,정상
WELD_D12_L2_A010,22,-89.271,14.268,-1189.742,-89.271,-14.268,1189.742,274.185,0.356,2.08,정상
WELD_D12_L2_A010,23,-96.106,13.228,-1188.199,-96.106,-13.228,1188.199,281.238,0.0,2.64,정상
WELD_D12_L2_A020,0,-119.021,13.296,-1184.352,-119.021,-13.296,1184.352,0.0,0.0,0.0,정상
WELD_D12_L2_A020,1,-100.182,13.086,-1186.961,-100.182,-13.086,1186.961,18.463,-4.57,0.118,정상
WELD_D12_L2_A020,2,-77.943,15.243,-1194.06,-77.943,-15.243,1194.06,41.737,-6.232,-2.154,정상
WELD_D12_L2_A020,3,-60.774,19.903,-1198.783,-60.774,-19.903,1198.783,60.115,-5.241,-1.858,정상
WELD_D12_L2_A020,4,-52.008,24.388,-1200.54,-52.008,-24.388,1200.54,69.755,-3.185,-0.16,정상
WELD_D12_L2_A020,5,-40.781,28.05,-1203.394,-40.781,-28.05,1203.394,81.836,-2.102,0.523,정상
WELD_D12_L2_A020,6,-38.242,29.07,-1204.543,-38.242,-29.07,1204.543,84.732,-1.484,0.324,정상
WELD_D12_L2_A020,7,-26.822,29.778,-1209.215,-26.822,-29.778,1209.215,96.859,-2.26,-1.927,정상
WELD_D12_L2_A020,8,-15.128,31.98,-1215.438,-15.128,-31.98,1215.438,109.93,-1.186,-4.81,정상
WELD_D12_L2_A020,9,-6.973,36.571,-1217.475,-6.973,-36.571,1217.475,119.082,1.254,-3.389,정상
WELD_D12_L2_A020,10,4.317,39.944,-1218.398,4.317,-39.944,1218.398,130.686,1.274,-1.139,정상
WELD_D12_L2_A020,11,7.916,40.338,-1218.021,7.916,-40.338,1218.021,134.081,0.416,-0.148,정상
WELD_D12_L2_A020,12,24.623,40.396,-1220.707,24.623,-40.396,1220.707,150.596,-3.273,-0.256,정상
WELD_D12_L2_A020,13,33.23,41.876,-1223.719,33.23,-41.876,1223.719,159.798,-3.25,-1.069,정상
WELD_D12_L2_A020,14,46.385,46.017,-1228.559,46.385,-46.017,1228.559,174.296,-1.493,-1.65,정상
WELD_D12_L2_A020,15,61.817,48.637,-1231.919,61.817,-48.637,1231.919,190.281,-2.322,-1.334,정상
WELD_D12_L2_A020,16,88.275,56.936,-1237.151,88.275,-56.936,1237.151,218.315,-0.671,1.433,정상
WELD_D12_L2_A020,17,112.184,60.86,-1244.165,112.184,-60.86,1244.165,243.504,-1.326,0.274,정상
WELD_D12_L2_A020,18,127.93,65.163,-1248.763,127.93,-65.163,1248.763,260.43,-0.281,0.325,정상
WELD_D12_L2_A020,19,136.037,68.67,-1251.915,136.037,-68.67,1251.915,269.598,1.696,0.261,정상
WELD_D12_L2_A020,20,148.958,68.962,-1257.085,148.958,-68.962,1257.085,283.188,0.331,-2.42,정상
WELD_D12_L2_A020,21,155.411,69.776,-1259.121,155.411,-69.776,1259.121,289.974,-0.0,-2.971,정상
WELD_D12_L2_A030,0,-96.056,3.914,-1170.534,-96.056,-3.914,1170.534,0.0,0.0,0.0,정상
WELD_D12_L2_A030,1,-80.697,12.155,-1170.992,-80.697,-12.155,1170.992,16.216,6.409,0.023,정상
WELD_D12_L2_A030,2,-72.345,14.084,-1173.654,-72.345,-14.084,1173.654,25.09,6.637,1.35,정상
WELD_D12_L2_A030,3,-63.027,17.379,-1179.537,-63.027,-17.379,1179.537,36.449,4.885,0.923,정상
WELD_D12_L2_A030,4,-60.306,17.586,-1182.331,-60.306,-17.586,1182.331,39.918,3.096,1.067,정상
WELD_D12_L2_A030,5,-52.913,21.161,-1187.137,-52.913,-21.161,1187.137,49.298,2.024,-0.113,정상
WELD_D12_L2_A030,6,-48.135,22.442,-1189.449,-48.135,-22.442,1189.449,54.727,1.551,0.24,정상
WELD_D12_L2_A030,7,-40.221,26.53,-1189.825,-40.221,-26.53,1189.825,63.083,4.659,0.336,정상
WELD_D12_L2_A030,8,-33.793,29.282,-1190.913,-33.793,-29.282,1190.913,69.972,6.245,0.626,정상
WELD_D12_L2_A030,9,-26.01,32.781,-1190.785,-26.01,-32.781,1190.785,77.833,9.497,1.317,정상
WELD_D12_L2_A030,10,-15.456,36.497,-1194.679,-15.456,-36.497,1194.679,89.665,9.908,1.76,정상
WELD_D12_L2_A030,11,-11.463,38.846,-1196.538,-11.463,-38.846,1196.538,94.595,10.158,1.022,정상
WELD_D12_L2_A030,12,-2.348,41.563,-1200.72,-2.348,-41.563,1200.72,104.956,9.579,1.541,정상
WELD_D12_L2_A030,13,6.065,42.941,-1205.097,6.065,-42.941,1205.097,114.339,8.079,2.785,정상
WELD_D12_L2_A030,14,14.421,43.452,-1210.406,14.421,-43.452,1210.406,123.734,5.365,4.412,정상
WELD_D12_L2_A030,15,33.419,49.411,-1223.238,33.419,-49.411,1223.238,146.955,0.72,3.892,정상
WELD_D12_L2_A030,16,37.973,51.267,-1225.561,37.973,-51.267,1225.561,152.382,0.455,3.662,정상
WELD_D12_L2_A030,17,45.994,55.513,-1228.249,45.994,-55.513,1228.249,161.742,1.65,2.914,정상
WELD_D12_L2_A030,18,53.084,58.041,-1230.67,53.084,-58.041,1230.67,169.628,2.11,3.25,정상
WELD_D12_L2_A030,19,64.699,62.67,-1232.546,64.699,-62.67,1232.546,181.932,4.899,4.088,정상
WELD_D12_L2_A030,20,69.503,65.372,-1233.494,69.503,-65.372,1233.494,187.344,6.262,3.727,정상
WELD_D12_L2_A030,21,76.311,68.572,-1235.974,76.311,-68.572,1235.974,195.229,6.921,3.36,정상
WELD_D12_L2_A030,22,77.792,69.979,-1236.567,77.792,-69.979,1236.567,197.198,7.342,2.675,정상
WELD_D12_L2_A030,23,84.73,71.781,-1240.018,84.73,-71.781,1240.018,205.096,6.546,3.202,정상
WELD_D12_L2_A030,24,86.939,73.495,-1241.3,86.939,-73.495,1241.3,208.054,6.654,2.367,정상
WELD_D12_L2_A030,25,100.999,78.689,-1247.657,100.999,-78.689,1247.657,224.332,6.297,2.37,정상
WELD_D12_L2_A030,26,104.331,80.799,-1248.604,104.331,-80.799,1248.604,228.27,7.099,1.829,정상
WELD_D12_L2_A030,27,109.324,82.109,-1250.374,109.324,-82.109,1250.374,233.694,7.152,2.433,정상
WELD_D12_L2_A030,28,116.043,86.387,-1252.081,116.043,-86.387,1252.081,241.569,8.955,1.389,정상
WELD_D12_L2_A030,29,125.165,90.136,-1255.302,125.165,-90.136,1255.302,251.919,9.681,1.377,정상
WELD_D12_L2_A030,30,128.312,92.236,-1256.7,128.312,-92.236,1256.7,255.861,10.05,0.611,정상
WELD_D12_L2_A030,31,137.909,96.245,-1262.615,137.909,-96.245,1262.615,267.71,8.651,-0.29,정상
WELD_D12_L2_A030,32,142.796,97.51,-1266.04,142.796,-97.51,1266.04,273.641,7.226,-0.244,정상
WELD_D12_L2_A030,33,146.404,99.078,-1269.533,146.404,-99.078,1269.533,278.588,5.627,-1.052,정상
WELD_D12_L2_A030,34,148.92,99.473,-1272.647,148.92,-99.473,1272.647,282.059,3.604,-1.263,정상
WELD_D12_L2_A030,35,160.037,101.777,-1280.556,160.037,-101.777,1280.556,295.407,-0.0,-0.72,정상
WELD_D12_L2_A040,0,-100.347,-25.774,-1152.908,-100.347,25.774,1152.908,0.0,0.0,0.0,정상
WELD_D12_L2_A040,1,-78.572,-12.47,-1156.643,-78.572,12.47,1156.643,24.275,-7.426,-4.543,정상
WELD_D12_L2_A040,2,-73.41,-9.066,-1159.194,-73.41,9.066,1159.194,30.928,-8.101,-4.696,정상
WELD_D12_L2_A040,3,-57.518,-2.314,-1167.43,-57.518,2.314,1167.43,49.881,-7.444,-7.218,정상
WELD_D12_L2_A040,4,-43.023,8.804,-1174.821,-43.023,-8.804,1174.821,69.384,-10.195,-6.61,정상
WELD_D12_L2_A040,5,-39.951,11.0,-1176.845,-39.951,-11.0,1176.845,73.659,-10.329,-6.365,정상
WELD_D12_L2_A040,6,-30.217,15.404,-1184.126,-30.217,-15.404,1184.126,86.442,-8.425,-6.71,정상
WELD_D12_L2_A040,7,-19.381,18.401,-1193.946,-19.381,-18.401,1193.946,100.605,-3.765,-7.435,정상
WELD_D12_L2_A040,8,-5.701,23.907,-1205.86,-5.701,-23.907,1205.86,119.048,0.623,-7.547,정상
WELD_D12_L2_A040,9,-1.307,27.001,-1208.925,-1.307,-27.001,1208.925,125.222,0.589,-7.145,정상
WELD_D12_L2_A040,10,3.497,29.188,-1212.182,3.497,-29.188,1212.182,131.379,1.268,-7.463,정상
WELD_D12_L2_A040,11,10.991,33.765,-1215.901,10.991,-33.765,1215.901,140.878,0.539,-7.896,정상
WELD_D12_L2_A040,12,19.492,38.112,-1218.236,19.492,-38.112,1218.236,150.379,-1.146,-9.769,정상
WELD_D12_L2_A040,13,23.159,41.853,-1218.872,23.159,-41.853,1218.872,155.158,-3.378,-9.634,정상
WELD_D12_L2_A040,14,26.137,43.681,-1219.4,26.137,-43.681,1219.4,158.49,-4.387,-10.242,정상
WELD_D12_L2_A040,15,33.054,49.051,-1223.299,33.054,-49.051,1223.299,168.002,-5.463,-9.74,정상
WELD_D12_L2_A040,16,44.346,55.259,-1232.39,44.346,-55.259,1232.39,183.639,-3.493,-9.185,정상
WELD_D12_L2_A040,17,51.164,57.87,-1237.024,51.164,-57.87,1237.024,192.156,-2.196,-9.926,정상
WELD_D12_L2_A040,18,61.55,64.477,-1245.196,61.55,-64.477,1245.196,206.86,-1.117,-8.966,정상
WELD_D12_L2_A040,19,73.299,73.606,-1253.828,73.299,-73.606,1253.828,223.965,-1.443,-7.176,정상
WELD_D12_L2_A040,20,79.642,80.843,-1258.889,79.642,-80.843,1258.889,234.447,-2.837,-4.644,정상
WELD_D12_L2_A040,21,89.657,90.456,-1266.844,89.657,-90.456,1266.844,250.148,-3.872,-1.747,정상
WELD_D12_L2_A040,22,99.215,96.255,-1274.1,99.215,-96.255,1274.1,263.427,-2.891,-1.155,정상
WELD_D12_L2_A040,23,115.599,103.103,-1285.441,115.599,-103.103,1285.441,284.255,0.0,-2.497,정상
WELD_D12_L2_A050,0,113.094,107.133,-1300.013,113.094,-107.133,1300.013,0.0,0.0,0.0,정상
WELD_D12_L2_A050,1,104.181,103.726,-1293.632,104.181,-103.726,1293.632,11.18,-1.46,-2.154,정상
WELD_D12_L2_A050,2,96.283,102.869,-1287.19,96.283,-102.869,1287.19,20.441,-4.772,-4.957,정상
WELD_D12_L2_A050,3,91.992,101.201,-1283.313,91.992,-101.201,1283.313,26.281,-6.051,-5.665,정상
WELD_D12_L2_A050,4,88.263,99.118,-1279.127,88.263,-99.118,1279.127,32.12,-7.344,-5.608,정상
WELD_D12_L2_A050,5,85.403,98.41,-1275.263,85.403,-98.41,1275.263,36.512,-9.41,-5.804,정상
WELD_D12_L2_A050,6,80.522,95.733,-1268.577,80.522,-95.733,1268.577,44.794,-12.027,-5.286,정상
WELD_D12_L2_A050,7,77.655,95.868,-1263.932,77.655,-95.868,1263.932,49.201,-15.23,-5.652,정상
WELD_D12_L2_A050,8,71.119,91.148,-1255.832,71.119,-91.148,1255.832,60.388,-17.349,-4.66,정상
WELD_D12_L2_A050,9,68.865,90.121,-1252.414,68.865,-90.121,1252.414,64.289,-18.941,-4.408,정상
WELD_D12_L2_A050,10,65.701,87.615,-1248.82,65.701,-87.615,1248.82,69.635,-19.578,-3.934,정상
WELD_D12_L2_A050,11,61.688,83.213,-1245.363,61.688,-83.213,1245.363,76.419,-18.76,-3.081,정상
WELD_D12_L2_A050,12,58.412,81.373,-1242.182,58.412,-81.373,1242.182,81.281,-19.522,-3.22,정상
WELD_D12_L2_A050,13,57.243,79.707,-1241.605,57.243,-79.707,1241.605,83.212,-18.712,-2.925,정상
WELD_D12_L2_A050,14,38.259,66.084,-1229.486,38.259,-66.084,1229.486,109.391,-16.499,-4.549,정상
WELD_D12_L2_A050,15,26.675,53.458,-1224.295,26.675,-53.458,1224.295,126.305,-10.653,-4.001,정상
WELD_D12_L2_A050,16,18.379,45.17,-1219.031,18.379,-45.17,1219.031,138.892,-8.109,-3.424,정상
WELD_D12_L2_A050,17,10.618,40.517,-1211.491,10.618,-40.517,1211.491,150.558,-9.724,-3.588,정상
WELD_D12_L2_A050,18,8.237,40.553,-1208.131,8.237,-40.553,1208.131,153.982,-11.966,-4.043,정상
WELD_D12_L2_A050,19,0.523,36.778,-1198.811,0.523,-36.778,1198.811,166.157,-15.484,-3.965,정상
WELD_D12_L2_A050,20,-0.728,36.581,-1196.062,-0.728,-36.581,1196.062,168.605,-17.245,-3.701,정상
WELD_D12_L2_A050,21,-11.105,30.444,-1185.084,-11.105,-30.444,1185.084,184.654,-20.121,-3.616,정상
WELD_D12_L2_A050,22,-18.542,22.934,-1181.614,-18.542,-22.934,1181.614,195.291,-16.866,-3.543,정상
WELD_D12_L2_A050,23,-22.329,18.508,-1180.594,-22.329,-18.508,1180.594,200.598,-14.257,-3.462,정상
WELD_D12_L2_A050,24,-26.052,13.2,-1180.32,-26.052,-13.2,1180.32,205.89,-10.517,-3.135,정상
WELD_D12_L2_A050,25,-29.263,9.936,-1179.29,-29.263,-9.936,1179.29,210.236,-8.751,-3.274,정상
WELD_D12_L2_A050,26,-36.228,4.178,-1175.387,-36.228,-4.178,1175.387,219.921,-7.033,-3.659,정상
WELD_D12_L2_A050,27,-47.387,-2.59,-1165.074,-47.387,2.59,1165.074,236.444,-8.912,-4.057,정상
WELD_D12_L2_A050,28,-49.813,-3.865,-1162.102,-49.813,3.865,1162.102,240.339,-9.99,-3.968,정상
WELD_D12_L2_A050,29,-51.362,-3.603,-1159.292,-51.362,3.603,1159.292,242.791,-12.069,-4.153,정상
WELD_D12_L2_A050,30,-61.038,-8.571,-1147.245,-61.038,8.571,1147.245,258.375,-16.59,-3.787,정상
WELD_D12_L2_A050,31,-64.53,-11.485,-1144.439,-64.53,11.485,1144.439,263.71,-16.338,-3.633,정상
WELD_D12_L2_A050,32,-68.302,-15.7,-1143.204,-68.302,15.7,1143.204,269.02,-14.028,-3.575,정상
WELD_D12_L2_A050,33,-80.895,-30.151,-1143.669,-80.895,30.151,1143.669,284.412,-2.68,-4.961,정상
WELD_D12_L2_A050,34,-85.953,-34.644,-1142.493,-85.953,34.644,1142.493,290.689,-0.0,-5.716,정상
WELD_D12_L2_A130,0,-51.149,113.651,-1283.735,-51.149,-113.651,1283.735,0.0,0.0,0.0,정상
WELD_D12_L2_A130,1,-40.181,103.775,-1271.518,-40.181,-103.775,1271.518,18.868,2.971,1.498,정상
WELD_D12_L2_A130,2,-36.318,102.794,-1268.08,-36.318,-102.794,1268.08,23.689,4.656,0.224,정상
WELD_D12_L2_A130,3,-32.114,100.176,-1263.031,-32.114,-100.176,1263.031,30.451,6.729,0.163,정상
WELD_D12_L2_A130,4,-27.317,95.77,-1258.807,-27.317,-95.77,1258.807,38.197,7.058,0.572,정상
WELD_D12_L2_A130,5,-24.891,94.612,-1256.547,-24.891,-94.612,1256.547,41.576,7.906,0.139,정상
WELD_D12_L2_A130,6,-21.697,92.052,-1253.955,-21.697,-92.052,1253.955,46.416,8.146,0.117,정상
WELD_D12_L2_A130,7,-11.006,81.269,-1247.204,-11.006,-81.269,1247.204,62.895,6.159,0.913,정상
WELD_D12_L2_A130,8,-6.341,75.785,-1244.957,-6.341,-75.785,1244.957,70.174,4.295,1.561,정상
WELD_D12_L2_A130,9,3.769,67.339,-1237.76,3.769,-67.339,1237.76,85.183,4.035,1.433,정상
WELD_D12_L2_A130,10,15.236,59.749,-1228.53,15.236,-59.749,1228.53,101.624,5.698,0.325,정상
WELD_D12_L2_A130,11,18.725,58.288,-1225.122,18.725,-58.288,1225.122,106.449,7.159,-0.384,정상
WELD_D12_L2_A130,12,25.843,52.542,-1218.698,25.843,-52.542,1218.698,117.577,8.204,-0.233,정상
WELD_D12_L2_A130,13,34.296,43.543,-1211.834,34.296,-43.543,1211.834,131.629,7.637,1.105,정상
WELD_D12_L2_A130,14,52.565,29.22,-1198.779,52.565,-29.22,1198.779,158.249,7.718,0.297,정상
WELD_D12_L2_A130,15,58.862,23.185,-1194.481,58.862,-23.185,1194.481,167.939,6.985,0.654,정상
WELD_D12_L2_A130,16,66.064,17.437,-1187.205,66.064,-17.437,1187.205,179.547,8.72,0.974,정상
WELD_D12_L2_A130,17,69.763,15.545,-1183.584,69.763,-15.545,1183.584,184.859,10.088,0.441,정상
WELD_D12_L2_A130,18,79.446,7.09,-1175.826,79.446,-7.09,1175.826,199.867,10.356,0.782,정상
WELD_D12_L2_A130,19,90.848,-3.552,-1167.935,90.848,3.552,1167.935,217.306,9.273,1.278,정상
WELD_D12_L2_A130,20,97.205,-7.474,-1163.325,97.205,7.474,1163.325,226.009,9.931,0.348,정상
WELD_D12_L2_A130,21,100.608,-10.308,-1161.313,100.608,10.308,1161.313,230.852,9.51,0.188,정상
WELD_D12_L2_A130,22,114.276,-24.439,-1155.449,114.276,24.439,1155.449,250.74,4.5,0.676,정상
WELD_D12_L2_A130,23,117.217,-26.235,-1153.613,117.217,26.235,1153.613,254.61,4.57,0.154,정상
WELD_D12_L2_A130,24,126.805,-35.48,-1145.631,126.805,35.48,1145.631,270.107,4.61,1.12,정상
WELD_D12_L2_A130,25,130.716,-38.539,-1143.577,130.716,38.539,1143.577,275.434,4.02,0.743,정상
WELD_D12_L2_A130,26,132.907,-41.01,-1143.418,132.907,41.01,1143.418,278.35,2.461,0.74,정상
WELD_D12_L2_A130,27,141.912,-48.082,-1140.005,141.912,48.082,1140.005,289.979,-0.0,-0.467,정상
WELD_D12_L2_A140,0,148.913,-34.871,-1148.984,148.913,34.871,1148.984,0.0,0.0,0.0,정상
WELD_D12_L2_A140,1,139.646,-28.578,-1151.821,139.646,28.578,1151.821,11.303,-2.392,-0.217,정상
WELD_D12_L2_A140,2,135.47,-25.275,-1152.143,135.47,25.275,1152.143,16.199,-4.474,-0.607,정상
WELD_D12_L2_A140,3,118.604,-14.48,-1157.042,118.604,14.48,1157.042,36.344,-8.853,-0.436,정상
WELD_D12_L2_A140,4,101.269,-4.56,-1170.279,101.269,4.56,1170.279,60.086,-5.647,-0.079,정상
WELD_D12_L2_A140,5,72.937,12.576,-1179.79,72.937,-12.576,1179.79,94.015,-11.537,0.905,정상
WELD_D12_L2_A140,6,62.623,20.87,-1186.645,62.623,-20.87,1186.645,108.825,-11.307,-0.75,정상
WELD_D12_L2_A140,7,52.12,27.52,-1193.844,52.12,-27.52,1193.844,123.153,-10.303,-0.98,정상
WELD_D12_L2_A140,8,43.818,30.89,-1199.416,43.818,-30.89,1199.416,133.535,-9.012,0.398,정상
WELD_D12_L2_A140,9,38.019,34.032,-1202.804,38.019,-34.032,1202.804,140.938,-8.813,0.761,정상
WELD_D12_L2_A140,10,29.848,38.972,-1206.84,29.848,-38.972,1206.84,151.289,-9.356,0.923,정상
WELD_D12_L2_A140,11,19.226,47.289,-1210.76,19.226,-47.289,1210.76,165.06,-11.853,-0.296,정상
WELD_D12_L2_A140,12,16.528,48.273,-1211.73,16.528,-48.273,1211.73,168.012,-12.149,0.323,정상
WELD_D12_L2_A140,13,-3.829,62.368,-1220.556,-3.829,-62.368,1220.556,194.107,-15.171,-0.623,정상
WELD_D12_L2_A140,14,-11.369,66.362,-1224.476,-11.369,-66.362,1224.476,203.477,-15.316,-0.029,정상
WELD_D12_L2_A140,15,-15.028,67.896,-1226.577,-15.028,-67.896,1226.577,207.92,-15.08,0.572,정상
WELD_D12_L2_A140,16,-30.899,77.896,-1236.546,-30.899,-77.896,1236.546,229.15,-14.36,0.35,정상
WELD_D12_L2_A140,17,-34.146,81.155,-1238.621,-34.146,-81.155,1238.621,234.083,-14.569,-0.694,정상
WELD_D12_L2_A140,18,-39.755,84.191,-1243.65,-39.755,-84.191,1243.65,242.01,-12.81,-0.507,정상
WELD_D12_L2_A140,19,-44.225,87.461,-1246.986,-44.225,-87.461,1246.986,248.436,-12.28,-0.992,정상
WELD_D12_L2_A140,20,-55.145,92.216,-1257.911,-55.145,-92.216,1257.911,263.818,-7.471,0.211,정상
WELD_D12_L2_A140,21,-66.702,98.811,-1267.928,-66.702,-98.811,1267.928,280.161,-4.262,0.351,정상
WELD_D12_L2_A140,22,-71.131,101.485,-1274.359,-71.131,-101.485,1274.359,287.629,-0.762,0.036,정상
WELD_D12_L2_A140,23,-76.559,105.535,-1278.571,-76.559,-105.535,1278.571,295.54,-0.0,-0.633,정상
WELD_D12_L2_A150,0,131.979,-27.051,-1151.074,131.979,27.051,1151.074,0.0,0.0,0.0,정상
WELD_D12_L2_A150,1,119.164,-19.928,-1154.876,119.164,19.928,1154.876,15.033,-1.461,-1.127,정상
WELD_D12_L2_A150,2,112.984,-17.254,-1157.693,112.984,17.254,1157.693,22.315,-0.981,-1.293,정상
WELD_D12_L2_A150,3,94.819,-11.144,-1171.029,94.819,11.144,1171.029,44.688,5.69,-1.669,정상
WELD_D12_L2_A150,4,90.668,-9.737,-1173.27,90.668,9.737,1173.27,49.545,6.48,-1.545,정상
WELD_D12_L2_A150,5,84.015,-6.561,-1175.719,84.015,6.561,1175.719,57.307,6.352,-1.818,정상
WELD_D12_L2_A150,6,76.682,-2.702,-1177.005,76.682,2.702,1177.005,65.543,4.792,-2.04,정상
WELD_D12_L2_A150,7,54.486,6.732,-1178.197,54.486,-6.732,1178.197,88.769,-1.521,-0.085,정상
WELD_D12_L2_A150,8,46.794,10.313,-1180.365,46.794,-10.313,1180.365,97.496,-2.236,-0.143,정상
WELD_D12_L2_A150,9,34.098,14.988,-1185.86,34.098,-14.988,1185.86,112.056,-1.202,0.285,정상
WELD_D12_L2_A150,10,32.82,14.448,-1187.586,32.82,-14.448,1187.586,113.521,0.355,0.865,정상
WELD_D12_L2_A150,11,22.663,18.385,-1193.303,22.663,-18.385,1193.303,125.666,2.306,0.686,정상
WELD_D12_L2_A150,12,18.9,18.884,-1196.157,18.9,-18.884,1196.157,130.044,4.065,1.232,정상
WELD_D12_L2_A150,13,11.529,21.632,-1200.213,11.529,-21.632,1200.213,138.787,5.439,1.218,정상
WELD_D12_L2_A150,14,6.989,23.543,-1202.317,6.989,-23.543,1202.317,144.127,5.843,1.131,정상
WELD_D12_L2_A150,15,-7.683,33.335,-1207.064,-7.683,-33.335,1207.064,162.077,3.902,-1.649,정상
WELD_D12_L2_A150,16,-22.347,38.509,-1214.225,-22.347,-38.509,1214.225,179.07,5.922,-1.183,정상
WELD_D12_L2_A150,17,-31.227,40.791,-1217.718,-31.227,-40.791,1217.718,188.773,6.706,0.047,정상
WELD_D12_L2_A150,18,-38.019,44.03,-1219.702,-38.019,-44.03,1219.702,196.531,6.11,-0.09,정상
WELD_D12_L2_A150,19,-45.115,45.522,-1221.363,-45.115,-45.522,1221.363,203.798,5.837,1.478,정상
WELD_D12_L2_A150,20,-60.434,50.813,-1223.442,-60.434,-50.813,1223.442,219.774,3.088,3.519,정상
WELD_D12_L2_A150,21,-68.647,55.404,-1222.945,-68.647,-55.404,1222.945,228.477,-0.522,3.566,정상
WELD_D12_L2_A150,22,-80.201,64.772,-1222.941,-80.201,-64.772,1222.941,242.03,-6.083,0.987,정상
WELD_D12_L2_A150,23,-91.721,69.779,-1226.673,-91.721,-69.779,1226.673,255.124,-6.576,1.068,정상
WELD_D12_L2_A150,24,-102.55,75.506,-1233.036,-102.55,-75.506,1233.036,268.731,-4.838,-0.488,정상
WELD_D12_L2_A150,25,-104.002,77.049,-1236.459,-104.002,-77.049,1236.459,271.668,-2.569,-2.045,정상
WELD_D12_L2_A150,26,-107.051,80.115,-1239.806,-107.051,-80.115,1239.806,276.541,-1.224,-4.132,정상
WELD_D12_L2_A150,27,-118.336,86.314,-1245.888,-118.336,-86.314,1245.888,290.629,0.0,-5.801,정상
WELD_D12_L2_A160,0,137.428,-30.7,-1162.813,137.428,30.7,1162.813,0.0,0.0,0.0,정상
WELD_D12_L2_A160,1,119.262,-25.134,-1164.178,119.262,25.134,1164.178,18.797,-3.009,0.697,정상
WELD_D12_L2_A160,2,95.31,-18.524,-1170.686,95.31,18.524,1170.686,44.456,-2.293,1.614,정상
WELD_D12_L2_A160,3,77.374,-10.576,-1174.279,77.374,10.576,1174.279,64.264,-3.624,-0.307,정상
WELD_D12_L2_A160,4,58.269,-3.436,-1178.465,58.269,3.436,1178.465,85.051,-4.415,-1.169,정상
WELD_D12_L2_A160,5,44.634,-0.471,-1182.922,44.634,0.471,1182.922,99.595,-3.115,-0.013,정상
WELD_D12_L2_A160,6,40.508,1.633,-1184.666,40.508,-1.633,1184.666,104.447,-2.597,-0.843,정상
WELD_D12_L2_A160,7,36.027,2.434,-1186.709,36.027,-2.434,1186.709,109.309,-1.576,-0.386,정상
WELD_D12_L2_A160,8,32.811,4.279,-1188.252,32.811,-4.279,1188.252,113.193,-1.04,-1.251,정상
WELD_D12_L2_A160,9,21.715,7.932,-1191.45,21.715,-7.932,1191.45,125.298,-0.657,-1.403,정상
WELD_D12_L2_A160,10,-1.397,16.671,-1196.321,-1.397,-16.671,1196.321,150.431,-1.821,-2.513,정상
WELD_D12_L2_A160,11,-11.633,18.659,-1198.8,-11.633,-18.659,1198.8,161.078,-1.629,-1.298,정상
WELD_D12_L2_A160,12,-18.944,19.354,-1199.961,-18.944,-19.354,1199.961,168.327,-1.924,0.332,정상
WELD_D12_L2_A160,13,-25.162,20.631,-1200.526,-25.162,-20.631,1200.526,174.596,-2.728,1.142,정상
WELD_D12_L2_A160,14,-37.947,26.475,-1199.992,-37.947,-26.475,1199.992,188.051,-6.691,0.054,정상
WELD_D12_L2_A160,15,-44.877,30.257,-1200.728,-44.877,-30.257,1200.728,195.763,-7.982,-1.256,정상
WELD_D12_L2_A160,16,-58.443,35.025,-1202.898,-58.443,-35.025,1202.898,210.248,-9.252,-1.47,정상
WELD_D12_L2_A160,17,-67.116,36.476,-1203.847,-67.116,-36.476,1203.847,218.934,-10.147,-0.058,정상
WELD_D12_L2_A160,18,-76.294,39.791,-1204.501,-76.294,-39.791,1204.501,228.571,-11.809,-0.168,정상
WELD_D12_L2_A160,19,-91.015,45.47,-1207.162,-91.015,-45.47,1207.162,244.51,-12.999,-0.916,정상
WELD_D12_L2_A160,20,-105.46,48.781,-1212.142,-105.46,-48.781,1212.142,260.029,-11.409,0.113,정상
WELD_D12_L2_A160,21,-113.102,50.696,-1217.023,-113.102,-50.696,1217.023,268.808,-8.442,0.181,정상
WELD_D12_L2_A160,22,-117.929,51.072,-1220.447,-117.929,-51.072,1220.447,274.186,-6.064,0.951,정상
WELD_D12_L2_A160,23,-125.962,53.805,-1227.042,-125.962,-53.805,1227.042,283.968,-1.689,0.139,정상
WELD_D12_L2_A160,24,-130.982,55.47,-1230.067,-130.982,-55.47,1230.067,289.815,0.0,-0.169,정상
WELD_D12_L2_A170,0,136.241,-2.003,-1186.465,136.241,2.003,1186.465,0.0,0.0,0.0,정상
WELD_D12_L2_A170,1,129.565,-0.616,-1186.172,129.565,0.616,1186.172,6.726,1.146,0.152,정상
WELD_D12_L2_A170,2,125.277,0.845,-1185.187,125.277,-0.845,1185.187,11.043,2.729,0.742,정상
WELD_D12_L2_A170,3,121.292,1.411,-1183.913,121.292,-1.411,1183.913,14.879,4.473,0.484,정상
WELD_D12_L2_A170,4,105.779,3.721,-1182.329,105.779,-3.721,1182.329,30.246,7.936,-0.134,정상
WELD_D12_L2_A170,5,99.54,4.18,-1182.91,99.54,-4.18,1182.91,36.498,8.076,-0.743,정상
WELD_D12_L2_A170,6,95.42,5.453,-1183.619,95.42,-5.453,1183.619,40.828,7.945,-0.168,정상
WELD_D12_L2_A170,7,85.189,6.964,-1186.308,85.189,-6.964,1186.308,51.419,6.536,-0.279,정상
WELD_D12_L2_A170,8,81.102,4.42,-1188.658,81.102,-4.42,1188.658,55.283,4.388,-3.305,정상
WELD_D12_L2_A170,9,69.726,5.399,-1190.744,69.726,-5.399,1190.744,66.832,3.641,-4.192,정상
WELD_D12_L2_A170,10,62.209,7.28,-1190.924,62.209,-7.28,1190.924,74.522,4.461,-3.666,정상
WELD_D12_L2_A170,11,55.472,11.443,-1190.253,55.472,-11.443,1190.253,81.723,6.272,-0.835,정상
WELD_D12_L2_A170,12,51.719,12.769,-1189.837,51.719,-12.769,1189.837,85.564,7.221,-0.235,정상
WELD_D12_L2_A170,13,36.671,16.452,-1190.196,36.671,-16.452,1190.196,100.944,8.853,0.736,정상
WELD_D12_L2_A170,14,25.786,17.345,-1192.403,25.786,-17.345,1192.403,112.014,7.926,-0.137,정상
WELD_D12_L2_A170,15,22.452,17.119,-1193.619,22.452,-17.119,1193.619,115.387,7.057,-0.85,정상
WELD_D12_L2_A170,16,16.54,18.663,-1195.393,16.54,-18.663,1195.393,121.646,6.093,-0.239,정상
WELD_D12_L2_A170,17,11.248,18.141,-1197.092,11.248,-18.141,1197.092,126.946,4.925,-1.549,정상
WELD_D12_L2_A170,18,-0.606,20.912,-1200.843,-0.606,-20.912,1200.843,139.467,2.769,-0.625,정상
WELD_D12_L2_A170,19,-6.939,20.503,-1201.893,-6.939,-20.503,1201.893,145.722,2.365,-2.064,정상
WELD_D12_L2_A170,20,-11.064,21.784,-1202.542,-11.064,-21.784,1202.542,150.052,2.296,-1.486,정상
WELD_D12_L2_A170,21,-18.193,22.881,-1202.984,-18.193,-22.881,1202.984,157.263,2.733,-1.639,정상
WELD_D12_L2_A170,22,-22.636,22.903,-1202.775,-22.636,-22.903,1202.775,161.588,3.418,-2.423,정상
WELD_D12_L2_A170,23,-26.4,24.125,-1202.411,-26.4,-24.125,1202.411,165.429,4.306,-1.923,정상
WELD_D12_L2_A170,24,-35.477,25.518,-1202.573,-35.477,-25.518,1202.573,174.561,5.259,-2.155,정상
WELD_D12_L2_A170,25,-49.158,28.284,-1203.356,-49.158,-28.284,1203.356,188.503,6.232,-1.805,정상
WELD_D12_L2_A170,26,-56.109,30.839,-1203.2,-56.109,-30.839,1203.2,195.709,7.392,-0.545,정상
WELD_D12_L2_A170,27,-71.259,33.879,-1203.625,-71.259,-33.879,1203.625,211.09,8.904,-0.218,정상
WELD_D12_L2_A170,28,-79.111,33.562,-1204.161,-79.111,-33.562,1204.161,218.784,9.181,-1.878,정상
WELD_D12_L2_A170,29,-93.864,35.897,-1204.813,-93.864,-35.897,1204.813,233.686,10.353,-2.152,정상
WELD_D12_L2_A170,30,-101.297,37.879,-1205.561,-101.297,-37.879,1205.561,241.38,10.612,-1.467,정상
WELD_D12_L2_A170,31,-109.089,39.992,-1207.232,-109.089,-39.992,1207.232,249.561,10.01,-0.639,정상
WELD_D12_L2_A170,32,-124.723,42.694,-1212.35,-124.723,-42.694,1212.35,265.937,6.897,-0.341,정상
WELD_D12_L2_A170,33,-128.687,44.107,-1214.176,-128.687,-44.107,1214.176,270.275,5.661,0.492,정상
WELD_D12_L2_A170,34,-132.787,44.305,-1216.601,-132.787,-44.305,1216.601,274.617,3.721,0.159,정상
WELD_D12_L2_A170,35,-145.393,47.263,-1222.034,-145.393,-47.263,1222.034,288.111,-0.0,1.272,정상
