condition,seq,x_raw_mm,y_raw_mm,z_raw_mm,x_cam_mm,y_cam_mm,z_cam_mm,x_local_mm,y_local_mm,z_local_mm,status
WELD_D04_L1_A000,0,138.526,-3.803,-406.659,138.526,3.803,406.659,0.0,0.0,0.0,정상
WELD_D04_L1_A000,1,123.401,-4.247,-405.898,123.401,4.247,405.898,15.133,0.337,-0.635,정상
WELD_D04_L1_A000,2,98.529,-3.264,-405.012,98.529,3.264,405.012,40.033,0.382,-0.002,정상
WELD_D04_L1_A000,3,44.301,-3.739,-404.526,44.301,3.739,404.526,94.237,-0.739,-1.355,정상
WELD_D04_L1_A000,4,-4.949,-2.229,-402.43,-4.949,2.229,402.43,143.545,-0.273,-0.509,정상
WELD_D04_L1_A000,5,-45.872,-2.709,-399.076,-45.872,2.709,399.076,184.542,1.866,-1.397,정상
WELD_D04_L1_A000,6,-55.128,-1.715,-398.732,-55.128,1.715,398.732,193.818,1.843,-0.535,정상
WELD_D04_L1_A000,7,-74.676,-1.225,-398.959,-74.676,1.225,398.959,213.354,0.983,-0.398,정상
WELD_D04_L1_A000,8,-119.515,-0.914,-396.101,-119.515,0.914,396.101,258.261,2.442,-0.607,정상
WELD_D04_L1_A000,9,-129.273,-0.207,-395.958,-129.273,0.207,395.958,268.027,2.229,-0.055,정상
WELD_D04_L1_A000,10,-153.756,0.227,-397.413,-153.756,-0.227,397.413,292.456,-0.0,-0.162,정상
WELD_D04_L1_A010,0,-155.142,-20.546,-372.885,-155.142,20.546,372.885,0.0,0.0,0.0,정상
WELD_D04_L1_A010,1,-121.223,-15.705,-378.405,-121.223,15.705,378.405,34.672,-1.433,-0.42,정상
WELD_D04_L1_A010,2,-82.962,-10.956,-387.741,-82.962,10.956,387.741,74.313,0.035,-0.276,정상
WELD_D04_L1_A010,3,-63.696,-7.875,-391.251,-63.696,7.875,391.251,94.126,-0.588,-0.068,정상
WELD_D04_L1_A010,4,-39.618,-5.049,-396.371,-39.618,5.049,396.371,118.9,-0.269,-0.426,정상
WELD_D04_L1_A010,5,23.577,4.627,-407.659,23.577,-4.627,407.659,183.787,-2.327,-0.22,정상
WELD_D04_L1_A010,6,66.32,9.554,-417.415,66.32,-9.554,417.415,227.887,-1.125,-0.667,정상
WELD_D04_L1_A010,7,105.819,15.916,-424.558,105.819,-15.916,424.558,268.503,-2.469,-0.223,정상
WELD_D04_L1_A010,8,120.132,17.915,-428.08,120.132,-17.915,428.08,283.368,-1.99,0.041,정상
WELD_D04_L1_A010,9,132.921,18.633,-432.458,132.921,-18.633,432.458,296.756,-0.0,-0.178,정상
WELD_D04_L1_A020,0,124.65,22.765,-433.594,124.65,-22.765,433.594,0.0,0.0,0.0,정상
WELD_D04_L1_A020,1,106.582,19.297,-427.13,106.582,-19.297,427.13,19.448,1.389,0.304,정상
WELD_D04_L1_A020,2,82.838,14.478,-421.722,82.838,-14.478,421.722,44.236,0.225,0.985,정상
WELD_D04_L1_A020,3,63.773,9.854,-416.056,63.773,-9.854,416.056,64.651,0.372,0.587,정상
WELD_D04_L1_A020,4,31.806,3.047,-404.738,31.806,-3.047,404.738,99.17,2.56,0.507,정상
WELD_D04_L1_A020,5,8.142,-2.204,-399.39,8.142,2.204,399.39,123.957,1.257,0.767,정상
WELD_D04_L1_A020,6,-57.465,-17.32,-382.064,-57.465,17.32,382.064,193.463,-0.114,0.528,정상
WELD_D04_L1_A020,7,-84.885,-22.831,-373.744,-84.885,22.831,373.744,222.63,0.522,1.009,정상
WELD_D04_L1_A020,8,-130.723,-33.969,-360.103,-130.723,33.969,360.103,271.724,0.888,0.03,정상
WELD_D04_L1_A020,9,-149.292,-37.92,-355.806,-149.292,37.92,355.806,291.166,0.0,0.378,정상
WELD_D04_L1_A030,0,127.127,66.685,-457.803,127.127,-66.685,457.803,0.0,0.0,0.0,정상
WELD_D04_L1_A030,1,123.896,63.4,-459.149,123.896,-63.4,459.149,3.507,3.272,-0.191,정상
WELD_D04_L1_A030,2,110.112,51.947,-459.976,110.112,-51.947,459.976,19.287,11.806,-0.246,정상
WELD_D04_L1_A030,3,75.924,37.684,-443.538,75.924,-37.684,443.538,59.76,9.732,-0.575,정상
WELD_D04_L1_A030,4,43.214,22.606,-425.953,43.214,-22.606,425.953,99.73,7.196,1.02,정상
WELD_D04_L1_A030,5,5.711,6.273,-408.722,5.711,-6.273,408.722,144.098,5.974,0.718,정상
WELD_D04_L1_A030,6,-7.152,1.583,-402.646,-7.152,-1.583,402.646,159.022,4.855,0.082,정상
WELD_D04_L1_A030,7,-44.05,-15.003,-383.176,-44.05,15.003,383.176,203.807,2.016,1.411,정상
WELD_D04_L1_A030,8,-61.534,-21.869,-375.532,-61.534,21.869,375.532,224.057,1.281,0.567,정상
WELD_D04_L1_A030,9,-77.472,-28.771,-367.089,-77.472,28.771,367.089,243.312,-0.135,0.981,정상
WELD_D04_L1_A030,10,-104.1,-39.505,-355.657,-104.1,39.505,355.657,274.181,-0.917,-0.224,정상
WELD_D04_L1_A030,11,-117.642,-44.864,-351.613,-117.642,44.864,351.613,289.185,0.0,-1.8,정상
WELD_D04_L1_A040,0,-121.798,-59.835,-333.661,-121.798,59.835,333.661,0.0,0.0,0.0,정상
WELD_D04_L1_A040,1,-103.11,-49.157,-345.127,-103.11,49.157,345.127,24.336,-0.983,-1.235,정상
WELD_D04_L1_A040,2,-81.526,-34.821,-359.442,-81.526,34.821,359.442,53.924,-1.865,-0.955,정상
WELD_D04_L1_A040,3,-61.104,-21.648,-375.527,-61.104,21.648,375.527,83.03,-0.388,-0.859,정상
WELD_D04_L1_A040,4,-38.153,-7.766,-390.187,-38.153,7.766,390.187,113.57,-1.354,-1.711,정상
WELD_D04_L1_A040,5,-25.045,1.093,-400.935,-25.045,-1.093,400.935,132.656,-0.176,-1.294,정상
WELD_D04_L1_A040,6,-6.843,12.306,-414.474,-6.843,-12.306,414.474,157.945,0.632,-1.688,정상
WELD_D04_L1_A040,7,15.02,26.118,-427.934,15.02,-26.118,427.934,187.055,-0.918,-2.049,정상
WELD_D04_L1_A040,8,39.297,42.934,-446.459,39.297,-42.934,446.459,221.89,-0.06,-1.023,정상
WELD_D04_L1_A040,9,56.012,54.903,-457.677,56.012,-54.903,457.677,245.276,-0.919,-0.089,정상
WELD_D04_L1_A040,10,71.465,64.458,-468.207,71.465,-64.458,468.207,266.272,-1.073,-0.453,정상
WELD_D04_L1_A040,11,85.51,72.782,-479.049,85.51,-72.782,479.049,285.833,-0.0,-1.003,정상
WELD_D04_L1_A050,0,-107.959,-60.866,-332.297,-107.959,60.866,332.297,0.0,0.0,0.0,정상
WELD_D04_L1_A050,1,-97.168,-52.118,-340.137,-97.168,52.118,340.137,15.857,1.706,-0.269,정상
WELD_D04_L1_A050,2,-85.212,-42.94,-351.32,-85.212,42.94,351.32,34.595,1.794,0.805,정상
WELD_D04_L1_A050,3,-73.174,-31.663,-362.13,-73.174,31.663,362.13,54.296,2.192,0.002,정상
WELD_D04_L1_A050,4,-43.415,-5.193,-392.349,-43.415,5.193,392.349,104.264,0.657,0.517,정상
WELD_D04_L1_A050,5,-5.537,26.664,-426.4,-5.537,-26.664,426.4,164.324,1.911,1.06,정상
WELD_D04_L1_A050,6,3.3,35.773,-435.144,3.3,-35.773,435.144,179.701,1.612,0.074,정상
WELD_D04_L1_A050,7,12.357,43.825,-444.632,12.357,-43.825,444.632,195.076,0.935,0.343,정상
WELD_D04_L1_A050,8,30.471,59.91,-460.314,30.471,-59.91,460.314,223.907,1.964,-0.34,정상
WELD_D04_L1_A050,9,45.933,73.36,-476.266,45.933,-73.36,476.266,249.851,0.987,0.278,정상
WELD_D04_L1_A050,10,59.531,86.241,-489.743,59.531,-86.241,489.743,272.915,0.519,-0.274,정상
WELD_D04_L1_A050,11,68.614,93.571,-499.044,68.614,-93.571,499.044,287.808,0.0,0.543,정상
WELD_D04_L1_A130,0,99.928,-84.666,-323.41,99.928,84.666,323.41,0.0,0.0,0.0,정상
WELD_D04_L1_A130,1,89.762,-75.708,-329.494,89.762,75.708,329.494,14.747,-1.617,-0.73,정상
WELD_D04_L1_A130,2,80.249,-67.662,-337.395,80.249,67.662,337.395,29.494,-1.203,-0.795,정상
WELD_D04_L1_A130,3,59.907,-51.354,-352.225,59.907,51.354,352.225,59.48,-1.899,-0.522,정상
WELD_D04_L1_A130,4,-1.7,-0.336,-400.45,-1.7,0.336,400.45,152.88,-1.509,-0.511,정상
WELD_D04_L1_A130,5,-17.197,12.992,-414.168,-17.197,-12.992,414.168,177.459,-0.161,-0.667,정상
WELD_D04_L1_A130,6,-34.042,26.221,-425.291,-34.042,-26.221,425.291,201.546,-1.665,-0.395,정상
WELD_D04_L1_A130,7,-53.48,42.624,-441.189,-53.48,-42.624,441.189,231.532,-1.022,-0.536,정상
WELD_D04_L1_A130,8,-66.694,53.791,-450.57,-66.694,-53.791,450.57,251.195,-1.792,-0.866,정상
WELD_D04_L1_A130,9,-83.793,66.524,-463.814,-83.793,-66.524,463.814,276.265,-1.542,0.281,정상
WELD_D04_L1_A130,10,-94.411,77.135,-474.265,-94.411,-77.135,474.265,294.455,-0.0,-0.87,정상
WELD_D04_L1_A140,0,108.666,-74.035,-334.279,108.666,74.035,334.279,0.0,0.0,0.0,정상
WELD_D04_L1_A140,1,88.822,-62.966,-343.908,88.822,62.966,343.908,24.639,-1.232,-0.674,정상
WELD_D04_L1_A140,2,77.144,-55.418,-349.54,77.144,55.418,349.54,39.616,-1.162,-1.53,정상
WELD_D04_L1_A140,3,53.835,-41.475,-363.315,53.835,41.475,363.315,70.053,-1.366,-0.539,정상
WELD_D04_L1_A140,4,26.59,-25.343,-377.738,26.59,25.343,377.738,104.838,-2.082,-0.793,정상
WELD_D04_L1_A140,5,8.095,-13.621,-389.08,8.095,13.621,389.08,129.478,-1.647,0.083,정상
WELD_D04_L1_A140,6,-7.357,-3.35,-397.329,-7.357,3.35,397.329,149.771,-1.168,-0.463,정상
WELD_D04_L1_A140,7,-30.757,10.66,-409.727,-30.757,-10.66,409.727,179.725,-1.662,-0.735,정상
WELD_D04_L1_A140,8,-49.913,22.096,-421.328,-49.913,-22.096,421.328,204.847,-1.788,0.334,정상
WELD_D04_L1_A140,9,-99.591,54.281,-447.616,-99.591,-54.281,447.616,269.59,-0.947,-1.281,정상
WELD_D04_L1_A140,10,-114.086,64.136,-456.927,-114.086,-64.136,456.927,289.399,0.0,-0.5,정상
WELD_D04_L1_A150,0,111.697,-59.317,-351.946,111.697,59.317,351.946,0.0,0.0,0.0,정상
WELD_D04_L1_A150,1,99.526,-52.378,-355.489,99.526,52.378,355.489,14.274,-1.963,-1.118,정상
WELD_D04_L1_A150,2,87.209,-45.952,-360.559,87.209,45.952,360.559,29.038,-2.816,-1.165,정상
WELD_D04_L1_A150,3,71.694,-37.351,-369.136,71.694,37.351,369.136,48.72,-1.959,-0.843,정상
WELD_D04_L1_A150,4,43.817,-21.976,-382.296,43.817,21.976,382.296,83.167,-2.322,-1.045,정상
WELD_D04_L1_A150,5,7.183,-3.11,-399.862,7.183,3.11,399.862,127.947,-2.821,-0.033,정상
WELD_D04_L1_A150,6,-12.165,8.118,-410.142,-12.165,-8.118,410.142,152.551,-2.007,-0.228,정상
WELD_D04_L1_A150,7,-32.257,18.934,-419.362,-32.257,-18.934,419.362,177.156,-2.54,-0.241,정상
WELD_D04_L1_A150,8,-55.933,32.823,-431.54,-55.933,-32.823,431.54,207.173,-1.854,-0.763,정상
WELD_D04_L1_A150,9,-75.325,42.912,-440.512,-75.325,-42.912,440.512,230.794,-2.372,-0.44,정상
WELD_D04_L1_A150,10,-102.685,59.725,-455.612,-102.685,-59.725,455.612,266.223,-0.575,-1.325,정상
WELD_D04_L1_A150,11,-125.577,71.913,-467.557,-125.577,-71.913,467.557,294.763,-0.0,-0.677,정상
WELD_D04_L1_A160,0,-142.962,43.234,-437.225,-142.962,-43.234,437.225,0.0,0.0,0.0,정상
WELD_D04_L1_A160,1,-124.121,37.652,-430.785,-124.121,-37.652,430.785,20.579,2.005,-0.291,정상
WELD_D04_L1_A160,2,-88.21,26.56,-421.56,-88.21,-26.56,421.56,59.268,2.911,-0.003,정상
WELD_D04_L1_A160,3,-41.81,12.611,-411.639,-41.81,-12.611,411.639,108.718,2.122,0.272,정상
WELD_D04_L1_A160,4,19.224,-4.801,-397.013,19.224,4.801,397.013,173.845,2.541,-0.474,정상
WELD_D04_L1_A160,5,47.798,-13.54,-391.558,47.798,13.54,391.558,204.196,1.433,-0.073,정상
WELD_D04_L1_A160,6,75.546,-22.276,-384.745,75.546,22.276,384.745,234.068,1.84,0.351,정상
WELD_D04_L1_A160,7,99.413,-28.799,-381.001,99.413,28.799,381.001,259.028,0.074,0.052,정상
WELD_D04_L1_A160,8,118.064,-34.281,-375.91,118.064,34.281,375.91,279.109,0.815,-0.106,정상
WELD_D04_L1_A160,9,131.591,-38.001,-373.596,131.591,38.001,373.596,293.303,-0.0,-0.28,정상
WELD_D04_L1_A170,0,133.223,-27.188,-384.058,133.223,27.188,384.058,0.0,0.0,0.0,정상
WELD_D04_L1_A170,1,119.177,-24.713,-384.539,119.177,24.713,384.539,14.214,-1.256,0.201,정상
WELD_D04_L1_A170,2,103.955,-21.34,-386.386,103.955,21.34,386.386,29.908,-1.318,-0.263,정상
WELD_D04_L1_A170,3,90.206,-18.409,-388.648,90.206,18.409,388.648,44.133,-0.782,-0.569,정상
WELD_D04_L1_A170,4,60.602,-13.635,-394.12,60.602,13.635,394.12,74.55,1.008,0.28,정상
WELD_D04_L1_A170,5,36.133,-8.571,-395.795,36.133,8.571,395.795,99.553,-0.368,-0.11,정상
WELD_D04_L1_A170,6,16.789,-5.536,-397.332,16.789,5.536,397.332,119.164,-1.219,0.531,정상
WELD_D04_L1_A170,7,-2.791,-1.878,-400.114,-2.791,1.878,400.114,139.274,-0.878,0.603,정상
WELD_D04_L1_A170,8,-22.438,2.237,-401.599,-22.438,-2.237,401.599,159.375,-1.845,0.242,정상
WELD_D04_L1_A170,9,-37.202,4.911,-404.19,-37.202,-4.911,404.19,174.583,-1.097,0.377,정상
WELD_D04_L1_A170,10,-70.669,11.405,-408.223,-70.669,-11.405,408.223,208.911,-1.238,0.263,정상
WELD_D04_L1_A170,11,-90.821,15.53,-409.67,-90.821,-15.53,409.67,229.502,-2.302,-0.013,정상
WELD_D04_L1_A170,12,-119.487,21.187,-413.149,-119.487,-21.187,413.149,258.927,-2.402,-0.203,정상
WELD_D04_L1_A170,13,-153.141,27.73,-419.767,-153.141,-27.73,419.767,293.762,0.0,-0.335,정상
WELD_D04_L2_A000,0,134.959,-1.516,-408.525,134.959,1.516,408.525,0.0,0.0,0.0,정상
WELD_D04_L2_A000,1,120.751,-2.989,-406.974,120.751,2.989,406.974,14.247,-1.827,0.365,정상
WELD_D04_L2_A000,2,89.351,-3.208,-405.157,89.351,3.208,405.157,45.693,-2.482,0.551,정상
WELD_D04_L2_A000,3,51.498,-1.993,-404.815,51.498,1.993,404.815,83.53,-0.966,1.306,정상
WELD_D04_L2_A000,4,25.032,-1.934,-402.789,25.032,1.934,402.789,110.061,-1.633,0.925,정상
WELD_D04_L2_A000,5,-15.212,-1.199,-400.971,-15.212,1.199,400.971,150.352,-1.36,0.934,정상
WELD_D04_L2_A000,6,-44.651,-1.941,-399.17,-44.651,1.941,399.17,179.832,-2.456,1.366,정상
WELD_D04_L2_A000,7,-68.194,-0.705,-398.022,-68.194,0.705,398.022,203.417,-1.716,0.805,정상
WELD_D04_L2_A000,8,-98.559,-0.694,-395.282,-98.559,0.694,395.282,233.879,-2.783,0.077,정상
WELD_D04_L2_A000,9,-143.228,0.998,-393.615,-143.228,-0.998,393.615,278.593,-1.575,-0.181,정상
WELD_D04_L2_A000,10,-159.016,1.777,-394.649,-159.016,-1.777,394.649,294.32,0.0,0.886,정상
WELD_D04_L2_A010,0,131.748,19.375,-431.441,131.748,-19.375,431.441,0.0,0.0,0.0,정상
WELD_D04_L2_A010,1,113.128,17.722,-426.794,113.128,-17.722,426.794,19.22,-1.046,-0.744,정상
WELD_D04_L2_A010,2,84.364,13.135,-421.63,84.364,-13.135,421.63,48.788,-0.396,-0.146,정상
WELD_D04_L2_A010,3,60.682,10.461,-417.635,60.682,-10.461,417.635,72.937,0.223,-0.765,정상
WELD_D04_L2_A010,4,-10.892,0.813,-401.808,-10.892,-0.813,401.808,146.857,-1.324,-0.643,정상
WELD_D04_L2_A010,5,-45.532,-4.494,-396.094,-45.532,4.494,396.094,182.339,-0.083,-0.197,정상
WELD_D04_L2_A010,6,-64.125,-6.439,-391.508,-64.125,6.439,391.508,201.558,-1.031,-0.657,정상
WELD_D04_L2_A010,7,-112.474,-13.829,-382.239,-112.474,13.829,382.239,251.331,-0.56,0.106,정상
WELD_D04_L2_A010,8,-140.616,-17.333,-375.763,-140.616,17.333,375.763,280.406,-1.458,-0.098,정상
WELD_D04_L2_A010,9,-155.37,-18.721,-374.419,-155.37,18.721,374.419,295.193,-0.0,-0.897,정상
WELD_D04_L2_A020,0,-149.974,-38.035,-356.43,-149.974,38.035,356.43,0.0,0.0,0.0,정상
WELD_D04_L2_A020,1,-136.117,-35.254,-359.145,-136.117,35.254,359.145,14.338,-1.111,-0.564,정상
WELD_D04_L2_A020,2,-127.307,-32.541,-361.158,-127.307,32.541,361.158,23.733,-1.759,0.024,정상
WELD_D04_L2_A020,3,-99.673,-26.199,-369.958,-99.673,26.199,369.958,53.407,-0.943,0.216,정상
WELD_D04_L2_A020,4,-76.031,-20.441,-376.602,-76.031,20.441,376.602,78.628,-1.161,0.551,정상
WELD_D04_L2_A020,5,-57.111,-16.672,-382.936,-57.111,16.672,382.936,98.906,-0.179,0.19,정상
WELD_D04_L2_A020,6,31.262,3.546,-405.785,31.262,-3.546,405.785,192.367,-2.578,-0.129,정상
WELD_D04_L2_A020,7,82.866,14.884,-422.536,82.866,-14.884,422.536,247.759,-0.639,-0.195,정상
WELD_D04_L2_A020,8,106.793,20.665,-428.157,106.793,-20.665,428.157,272.977,-1.894,-0.084,정상
WELD_D04_L2_A020,9,115.009,22.934,-430.768,115.009,-22.934,430.768,281.88,-1.744,0.337,정상
WELD_D04_L2_A020,10,128.21,25.187,-436.214,128.21,-25.187,436.214,296.225,-0.0,-0.104,정상
WELD_D04_L2_A030,0,-116.044,-46.277,-350.772,-116.044,46.277,350.772,0.0,0.0,0.0,정상
WELD_D04_L2_A030,1,-74.139,-27.656,-369.058,-74.139,27.656,369.058,49.324,2.024,-0.446,정상
WELD_D04_L2_A030,2,-62.406,-22.018,-375.848,-62.406,22.018,375.848,63.973,1.093,-0.708,정상
WELD_D04_L2_A030,3,-44.716,-14.928,-383.499,-44.716,14.928,383.499,84.483,2.003,-0.191,정상
WELD_D04_L2_A030,4,-25.183,-6.436,-394.476,-25.183,6.436,394.476,108.409,0.739,0.155,정상
WELD_D04_L2_A030,5,4.7,6.772,-407.549,4.7,-6.772,407.549,143.57,2.152,-0.093,정상
WELD_D04_L2_A030,6,17.627,11.821,-413.626,17.627,-11.821,413.626,158.708,2.38,0.483,정상
WELD_D04_L2_A030,7,46.026,25.221,-428.359,46.026,-25.221,428.359,193.379,1.653,-0.183,정상
WELD_D04_L2_A030,8,87.019,42.861,-450.568,87.019,-42.861,450.568,243.185,-0.256,0.583,정상
WELD_D04_L2_A030,9,115.807,56.339,-463.247,115.807,-56.339,463.247,277.371,1.035,-0.344,정상
WELD_D04_L2_A030,10,127.836,62.34,-470.299,127.836,-62.34,470.299,292.509,0.0,-0.803,정상
WELD_D04_L2_A040,0,-121.866,-59.812,-334.003,-121.866,59.812,334.003,0.0,0.0,0.0,정상
WELD_D04_L2_A040,1,-107.929,-50.339,-344.034,-107.929,50.339,344.034,19.605,0.107,-0.458,정상
WELD_D04_L2_A040,2,-92.408,-41.44,-353.301,-92.408,41.44,353.301,39.692,1.464,0.359,정상
WELD_D04_L2_A040,3,-81.651,-34.244,-360.311,-81.651,34.244,360.311,54.391,2.146,0.072,정상
WELD_D04_L2_A040,4,-57.042,-18.944,-378.714,-57.042,18.944,378.714,88.708,1.407,0.511,정상
WELD_D04_L2_A040,5,-34.346,-4.301,-393.707,-34.346,4.301,393.707,119.579,2.544,0.375,정상
WELD_D04_L2_A040,6,-17.185,6.283,-406.796,-17.185,-6.283,406.796,143.603,1.79,0.765,정상
WELD_D04_L2_A040,7,33.393,39.133,-442.512,33.393,-39.133,442.512,213.69,2.405,0.376,정상
WELD_D04_L2_A040,8,55.14,54.186,-457.518,55.14,-54.186,457.518,244.074,3.189,-0.6,정상
WELD_D04_L2_A040,9,79.389,69.072,-475.848,79.389,-69.072,475.848,277.902,2.248,0.004,정상
WELD_D04_L2_A040,10,89.813,75.544,-485.906,89.813,-75.544,485.906,293.605,0.0,0.295,정상
WELD_D04_L2_A050,0,-108.767,-61.326,-332.168,-108.767,61.326,332.168,0.0,0.0,0.0,정상
WELD_D04_L2_A050,1,-98.311,-53.417,-339.757,-98.311,53.417,339.757,15.059,1.355,-0.93,정상
WELD_D04_L2_A050,2,-74.481,-32.494,-362.558,-74.481,32.494,362.558,54.116,1.199,-0.653,정상
WELD_D04_L2_A050,3,-62.93,-21.195,-375.603,-62.93,21.195,375.603,74.82,-0.113,0.281,정상
WELD_D04_L2_A050,4,-50.328,-11.587,-385.846,-50.328,11.587,385.846,93.643,1.16,-0.05,정상
WELD_D04_L2_A050,5,-35.023,1.421,-400.64,-35.023,-1.421,400.64,118.583,1.261,0.51,정상
WELD_D04_L2_A050,6,-12.682,19.904,-419.964,-12.682,-19.904,419.964,153.405,2.354,-0.091,정상
WELD_D04_L2_A050,7,-3.854,28.018,-429.092,-3.854,-28.018,429.092,168.463,1.893,0.306,정상
WELD_D04_L2_A050,8,16.644,47.624,-448.518,16.644,-47.624,448.518,202.816,0.899,-0.602,정상
WELD_D04_L2_A050,9,31.705,60.848,-462.557,31.705,-60.848,462.557,227.286,0.908,-0.711,정상
WELD_D04_L2_A050,10,49.17,77.717,-480.423,49.17,-77.717,480.423,257.402,-0.413,-0.582,정상
WELD_D04_L2_A050,11,64.396,90.185,-494.988,64.396,-90.185,494.988,281.871,-0.0,0.153,정상
WELD_D04_L2_A130,0,-93.881,76.737,-474.426,-93.881,-76.737,474.426,0.0,0.0,0.0,정상
WELD_D04_L2_A130,1,-79.632,63.763,-460.672,-79.632,-63.763,460.672,23.576,2.164,0.209,정상
WELD_D04_L2_A130,2,-52.163,42.541,-440.254,-52.163,-42.541,440.254,63.836,1.51,-0.535,정상
WELD_D04_L2_A130,3,-34.491,26.505,-424.605,-34.491,-26.505,424.605,92.32,3.08,0.149,정상
WELD_D04_L2_A130,4,-10.189,7.595,-408.168,-10.189,-7.595,408.168,127.176,1.217,0.148,정상
WELD_D04_L2_A130,5,18.152,-16.633,-385.351,18.152,16.633,385.351,170.879,1.929,0.754,정상
WELD_D04_L2_A130,6,41.769,-35.101,-366.592,41.769,35.101,366.592,206.232,2.32,-0.101,정상
WELD_D04_L2_A130,7,57.841,-48.671,-354.885,57.841,48.671,354.885,230.29,1.75,0.513,정상
WELD_D04_L2_A130,8,78.698,-63.943,-339.702,78.698,63.943,339.702,260.238,0.998,-0.653,정상
WELD_D04_L2_A130,9,91.304,-74.69,-329.125,91.304,74.69,329.125,279.88,1.654,-0.551,정상
WELD_D04_L2_A130,10,101.274,-83.397,-323.509,101.274,83.397,323.509,294.116,-0.0,0.622,정상
WELD_D04_L2_A140,0,-118.721,66.543,-463.183,-118.721,-66.543,463.183,0.0,0.0,0.0,정상
WELD_D04_L2_A140,1,-105.978,57.362,-452.282,-105.978,-57.362,452.282,18.845,3.225,-0.059,정상
WELD_D04_L2_A140,2,-98.281,52.462,-447.245,-98.281,-52.462,447.245,29.25,3.809,-0.118,정상
WELD_D04_L2_A140,3,-78.764,41.38,-437.911,-78.764,-41.38,437.911,53.509,2.276,-0.235,정상
WELD_D04_L2_A140,4,-67.127,33.659,-431.502,-67.127,-33.659,431.502,68.863,2.199,0.373,정상
WELD_D04_L2_A140,5,-39.712,17.742,-417.42,-39.712,-17.742,417.42,103.525,0.895,0.175,정상
WELD_D04_L2_A140,6,-17.227,3.393,-403.145,-17.227,-3.393,403.145,133.748,2.244,0.189,정상
WELD_D04_L2_A140,7,24.913,-21.595,-380.454,24.913,21.595,380.454,187.728,1.169,-0.025,정상
WELD_D04_L2_A140,8,77.943,-54.343,-350.051,77.943,54.343,350.051,257.073,1.509,0.195,정상
WELD_D04_L2_A140,9,98.234,-65.574,-339.966,98.234,65.574,339.966,282.324,0.195,-0.314,정상
WELD_D04_L2_A140,10,109.243,-72.637,-334.015,109.243,72.637,334.015,296.687,0.0,0.089,정상
WELD_D04_L2_A150,0,112.702,-58.143,-352.456,112.702,58.143,352.456,0.0,0.0,0.0,정상
WELD_D04_L2_A150,1,100.453,-51.069,-355.593,100.453,51.069,355.593,14.248,-2.612,-0.283,정상
WELD_D04_L2_A150,2,92.185,-46.81,-358.818,92.185,46.81,358.818,24.068,-3.254,-0.03,정상
WELD_D04_L2_A150,3,60.323,-30.139,-375.854,60.323,30.139,375.854,63.815,-1.535,0.687,정상
WELD_D04_L2_A150,4,37.137,-16.732,-386.888,37.137,16.732,386.888,92.775,-1.788,0.102,정상
WELD_D04_L2_A150,5,-23.121,15.743,-415.315,-23.121,-15.743,415.315,166.891,-2.214,0.656,정상
WELD_D04_L2_A150,6,-42.455,26.623,-425.85,-42.455,-26.623,425.85,191.427,-1.137,0.42,정상
WELD_D04_L2_A150,7,-73.943,44.705,-440.82,-73.943,-44.705,440.82,230.695,-1.469,-0.264,정상
WELD_D04_L2_A150,8,-101.531,59.253,-455.276,-101.531,-59.253,455.276,265.045,-0.274,0.259,정상
WELD_D04_L2_A150,9,-113.907,66.405,-460.556,-113.907,-66.405,460.556,280.265,-0.971,-0.045,정상
WELD_D04_L2_A150,10,-124.655,72.342,-466.793,-124.655,-72.342,466.793,294.003,0.0,-0.081,정상
WELD_D04_L2_A160,0,133.921,-40.561,-375.881,133.921,40.561,375.881,0.0,0.0,0.0,정상
WELD_D04_L2_A160,1,119.985,-35.91,-375.973,119.985,35.91,375.973,14.394,-2.749,-1.056,정상
WELD_D04_L2_A160,2,115.338,-34.432,-376.876,115.338,34.432,376.876,19.352,-2.847,-1.141,정상
WELD_D04_L2_A160,3,92.143,-27.831,-382.644,92.143,27.831,382.644,44.134,-2.262,-0.549,정상
WELD_D04_L2_A160,4,40.533,-11.944,-393.267,40.533,11.944,393.267,99.164,-2.872,-0.867,정상
WELD_D04_L2_A160,5,17.664,-5.752,-398.679,17.664,5.752,398.679,123.452,-2.609,-0.047,정상
WELD_D04_L2_A160,6,-19.735,5.061,-406.293,-19.735,-5.061,406.293,163.113,-3.245,0.365,정상
WELD_D04_L2_A160,7,-75.176,22.732,-421.029,-75.176,-22.732,421.029,223.083,-0.635,0.206,정상
WELD_D04_L2_A160,8,-125.29,38.705,-431.121,-125.29,-38.705,431.121,276.628,-1.35,-0.669,정상
WELD_D04_L2_A160,9,-143.792,45.416,-436.402,-143.792,-45.416,436.402,296.947,-0.0,-1.408,정상
WELD_D04_L2_A170,0,-153.49,28.592,-420.726,-153.49,-28.592,420.726,0.0,0.0,0.0,정상
WELD_D04_L2_A170,1,-129.535,22.084,-415.62,-129.535,-22.084,415.62,25.194,2.726,0.297,정상
WELD_D04_L2_A170,2,-105.685,18.726,-413.095,-105.685,-18.726,413.095,49.376,1.638,-0.415,정상
WELD_D04_L2_A170,3,-76.816,12.559,-410.431,-76.816,-12.559,410.431,78.994,1.192,0.647,정상
WELD_D04_L2_A170,4,-52.915,7.476,-406.841,-52.915,-7.476,406.841,103.682,1.916,0.693,정상
WELD_D04_L2_A170,5,-33.951,4.871,-404.576,-33.951,-4.871,404.576,122.93,1.219,-0.077,정상
WELD_D04_L2_A170,6,-14.39,0.538,-401.569,-14.39,-0.538,401.569,143.175,1.964,0.06,정상
WELD_D04_L2_A170,7,28.269,-6.842,-397.7,28.269,6.842,397.7,186.607,0.274,0.273,정상
WELD_D04_L2_A170,8,52.197,-11.914,-394.311,52.197,11.914,394.311,211.293,0.826,0.426,정상
WELD_D04_L2_A170,9,67.671,-14.782,-392.867,67.671,14.782,392.867,227.088,0.353,0.634,정상
WELD_D04_L2_A170,10,86.557,-17.628,-390.34,86.557,17.628,390.34,246.338,0.018,-0.089,정상
WELD_D04_L2_A170,11,119.585,-24.246,-385.133,119.585,24.246,385.133,280.406,0.986,-0.497,정상
WELD_D04_L2_A170,12,134.624,-27.318,-384.589,134.624,27.318,384.589,295.704,-0.0,0.439,정상
WELD_D08_L1_A000,0,146.844,-5.737,-797.959,146.844,5.737,797.959,0.0,0.0,0.0,정상
WELD_D08_L1_A000,1,120.619,-3.345,-791.116,120.619,3.345,791.116,26.506,-5.765,-2.122,정상
WELD_D08_L1_A000,2,108.123,-1.817,-790.461,108.123,1.817,790.461,39.011,-5.944,-3.709,정상
WELD_D08_L1_A000,3,84.008,-0.416,-791.808,84.008,0.416,791.808,63.027,-3.576,-5.416,정상
WELD_D08_L1_A000,4,71.515,-0.345,-791.39,71.515,0.345,791.39,75.525,-3.413,-5.567,정상
WELD_D08_L1_A000,5,46.948,-2.421,-792.718,46.948,2.421,792.718,100.012,-0.791,-3.809,정상
WELD_D08_L1_A000,6,32.08,-3.315,-791.7,32.08,3.315,791.7,114.916,-1.045,-2.975,정상
WELD_D08_L1_A000,7,21.994,-2.789,-791.138,21.994,2.789,791.138,125.015,-1.171,-3.548,정상
WELD_D08_L1_A000,8,7.507,-2.025,-792.476,7.507,2.025,792.476,139.419,0.784,-4.534,정상
WELD_D08_L1_A000,9,-5.03,-3.394,-793.571,-5.03,3.394,793.571,151.897,2.561,-3.358,정상
WELD_D08_L1_A000,10,-15.104,-3.374,-792.779,-15.104,3.374,792.779,161.996,2.241,-3.41,정상
WELD_D08_L1_A000,11,-40.477,-1.483,-789.021,-40.477,1.483,789.021,187.508,-0.454,-5.248,정상
WELD_D08_L1_A000,12,-64.013,-3.338,-788.446,-64.013,3.338,788.446,211.055,0.209,-3.564,정상
WELD_D08_L1_A000,13,-98.03,-3.41,-784.706,-98.03,3.41,784.706,245.21,-1.921,-3.522,정상
WELD_D08_L1_A000,14,-120.513,-5.199,-781.65,-120.513,5.199,781.65,267.822,-3.785,-1.715,정상
WELD_D08_L1_A000,15,-131.61,-4.728,-782.421,-131.61,4.728,782.421,278.867,-2.531,-2.338,정상
WELD_D08_L1_A000,16,-140.834,-4.134,-784.573,-140.834,4.134,784.573,287.976,-0.0,-3.168,정상
WELD_D08_L1_A010,0,-146.204,-17.58,-781.991,-146.204,17.58,781.991,0.0,0.0,0.0,정상
WELD_D08_L1_A010,1,-124.196,-14.833,-780.263,-124.196,14.833,780.263,21.607,-5.272,0.478,정상
WELD_D08_L1_A010,2,-116.226,-13.969,-778.685,-116.226,13.969,778.685,29.271,-8.102,0.43,정상
WELD_D08_L1_A010,3,-111.401,-13.036,-778.581,-111.401,13.036,778.581,34.078,-9.024,0.888,정상
WELD_D08_L1_A010,4,-105.119,-12.901,-779.008,-105.119,12.901,779.008,40.339,-9.554,0.469,정상
WELD_D08_L1_A010,5,-95.205,-11.967,-780.94,-95.205,11.967,780.94,50.477,-9.231,0.642,정상
WELD_D08_L1_A010,6,-81.237,-10.669,-785.108,-81.237,10.669,785.108,64.986,-7.353,1.005,정상
WELD_D08_L1_A010,7,-73.304,-10.781,-787.841,-73.304,10.781,787.841,73.217,-5.836,0.405,정상
WELD_D08_L1_A010,8,-54.554,-8.522,-792.196,-54.554,8.522,792.196,92.538,-4.59,1.288,정상
WELD_D08_L1_A010,9,-42.218,-7.301,-794.112,-42.218,7.301,794.112,105.079,-4.674,1.514,정상
WELD_D08_L1_A010,10,-34.502,-8.01,-795.27,-34.502,8.01,795.27,112.8,-4.607,0.193,정상
WELD_D08_L1_A010,11,-19.682,-7.449,-797.283,-19.682,7.449,797.283,127.751,-4.895,-0.46,정상
WELD_D08_L1_A010,12,-2.513,-5.236,-799.004,-2.513,5.236,799.004,145.096,-5.997,0.274,정상
WELD_D08_L1_A010,13,4.781,-3.618,-798.318,4.781,3.618,798.318,152.295,-7.933,1.123,정상
WELD_D08_L1_A010,14,14.929,-3.045,-798.798,14.929,3.045,798.798,162.405,-9.033,0.777,정상
WELD_D08_L1_A010,15,32.325,-1.837,-802.972,32.325,1.837,802.972,180.282,-7.65,0.728,정상
WELD_D08_L1_A010,16,40.291,-0.106,-804.386,40.291,0.106,804.386,188.483,-7.633,1.825,정상
WELD_D08_L1_A010,17,51.902,1.448,-804.314,51.902,-1.448,804.314,200.023,-9.601,2.261,정상
WELD_D08_L1_A010,18,65.218,1.971,-803.148,65.218,-1.971,803.148,212.987,-12.784,1.409,정상
WELD_D08_L1_A010,19,71.954,2.633,-803.513,71.954,-2.633,803.513,219.728,-13.5,1.463,정상
WELD_D08_L1_A010,20,89.87,2.509,-804.77,89.87,-2.509,804.77,237.552,-14.916,-0.233,정상
WELD_D08_L1_A010,21,97.453,2.752,-806.308,97.453,-2.752,806.308,245.278,-14.559,-0.563,정상
WELD_D08_L1_A010,22,110.77,3.736,-811.817,110.77,-3.736,811.817,259.332,-11.232,-0.32,정상
WELD_D08_L1_A010,23,122.749,4.622,-819.949,122.749,-4.622,819.949,272.476,-5.118,0.201,정상
WELD_D08_L1_A010,24,138.175,5.947,-827.638,138.175,-5.947,827.638,288.977,0.0,0.79,정상
WELD_D08_L1_A020,0,-139.823,-28.915,-764.428,-139.823,28.915,764.428,0.0,0.0,0.0,정상
WELD_D08_L1_A020,1,-119.97,-26.667,-765.922,-119.97,26.667,765.922,19.578,-3.653,-2.192,정상
WELD_D08_L1_A020,2,-109.411,-25.78,-768.328,-109.411,25.78,768.328,30.361,-4.002,-3.481,정상
WELD_D08_L1_A020,3,-96.359,-22.756,-773.277,-96.359,22.756,773.277,44.59,-2.859,-2.994,정상
WELD_D08_L1_A020,4,-86.911,-19.573,-776.131,-86.911,19.573,776.131,54.886,-2.891,-1.759,정상
WELD_D08_L1_A020,5,-63.049,-15.186,-780.312,-63.049,15.186,780.312,79.379,-5.273,-2.504,정상
WELD_D08_L1_A020,6,-53.461,-12.198,-782.802,-53.461,12.198,782.802,89.672,-5.655,-1.529,정상
WELD_D08_L1_A020,7,-39.505,-9.263,-788.304,-39.505,9.263,788.304,104.885,-4.182,-1.275,정상
WELD_D08_L1_A020,8,-30.233,-8.7,-791.87,-30.233,8.7,791.87,114.701,-3.062,-2.458,정상
WELD_D08_L1_A020,9,-15.838,-5.829,-795.811,-15.838,5.829,795.811,129.899,-3.177,-2.536,정상
WELD_D08_L1_A020,10,12.721,1.777,-801.245,12.721,-1.777,801.245,159.782,-6.002,-1.101,정상
WELD_D08_L1_A020,11,37.267,5.549,-805.282,37.267,-5.549,805.282,184.763,-8.584,-2.612,정상
WELD_D08_L1_A020,12,65.51,12.316,-812.504,65.51,-12.316,812.504,214.663,-9.484,-1.723,정상
WELD_D08_L1_A020,13,75.895,14.62,-816.381,75.895,-14.62,816.381,225.948,-8.616,-1.441,정상
WELD_D08_L1_A020,14,87.057,16.924,-823.102,87.057,-16.924,823.102,238.727,-5.208,-1.027,정상
WELD_D08_L1_A020,15,101.227,18.814,-828.605,101.227,-18.814,828.605,253.941,-3.614,-1.833,정상
WELD_D08_L1_A020,16,121.798,22.21,-834.201,121.798,-22.21,834.201,275.513,-3.698,-2.632,정상
WELD_D08_L1_A020,17,138.036,25.296,-842.618,138.036,-25.296,842.618,293.688,0.0,-2.435,정상
WELD_D08_L1_A030,0,-135.408,-41.722,-749.78,-135.408,41.722,749.78,0.0,0.0,0.0,정상
WELD_D08_L1_A030,1,-120.195,-36.742,-751.618,-120.195,36.742,751.618,15.616,-3.828,-1.052,정상
WELD_D08_L1_A030,2,-106.352,-32.389,-754.692,-106.352,32.389,754.692,30.274,-6.011,-1.688,정상
WELD_D08_L1_A030,3,-102.144,-31.743,-756.002,-102.144,31.743,756.002,34.681,-6.047,-2.334,정상
WELD_D08_L1_A030,4,-92.561,-28.801,-759.946,-92.561,28.801,759.946,45.452,-5.944,-2.221,정상
WELD_D08_L1_A030,5,-86.249,-26.236,-764.195,-86.249,26.236,764.195,53.3,-4.713,-1.051,정상
WELD_D08_L1_A030,6,-72.499,-21.556,-771.531,-72.499,21.556,771.531,69.473,-3.303,0.071,정상
WELD_D08_L1_A030,7,-54.29,-16.872,-777.181,-54.29,16.872,777.181,89.043,-4.314,-1.114,정상
WELD_D08_L1_A030,8,-41.659,-14.202,-781.928,-41.659,14.202,781.928,102.756,-4.037,-2.153,정상
WELD_D08_L1_A030,9,-23.75,-8.343,-790.274,-23.75,8.343,790.274,123.328,-3.152,-1.303,정상
WELD_D08_L1_A030,10,-10.825,-5.017,-796.579,-10.825,5.017,796.579,138.032,-1.869,-1.367,정상
WELD_D08_L1_A030,11,3.677,0.487,-801.286,3.677,-0.487,801.286,154.168,-3.276,-0.722,정상
WELD_D08_L1_A030,12,12.268,4.492,-802.69,12.268,-4.492,802.69,163.437,-5.645,-0.171,정상
WELD_D08_L1_A030,13,20.487,7.148,-804.727,20.487,-7.148,804.727,172.234,-6.787,-0.416,정상
WELD_D08_L1_A030,14,42.184,15.899,-813.679,42.184,-15.899,813.679,197.19,-7.454,1.637,정상
WELD_D08_L1_A030,15,65.244,20.365,-822.502,65.244,-20.365,822.502,222.171,-6.633,-0.556,정상
WELD_D08_L1_A030,16,88.675,27.987,-827.817,88.675,-27.987,827.817,247.09,-10.342,-1.377,정상
WELD_D08_L1_A030,17,102.402,30.95,-833.739,102.402,-30.95,833.739,262.28,-9.403,-2.194,정상
WELD_D08_L1_A030,18,122.452,34.381,-849.85,122.452,-34.381,849.85,286.868,-1.131,-1.632,정상
WELD_D08_L1_A030,19,127.997,35.439,-853.034,127.997,-35.439,853.034,293.248,0.0,-1.813,정상
WELD_D08_L1_A040,0,100.959,60.935,-868.307,100.959,-60.935,868.307,0.0,0.0,0.0,정상
WELD_D08_L1_A040,1,74.689,47.034,-851.099,74.689,-47.034,851.099,34.304,1.651,-0.216,정상
WELD_D08_L1_A040,2,60.068,38.036,-842.101,60.068,-38.036,842.101,53.64,1.891,-1.522,정상
WELD_D08_L1_A040,3,44.497,30.425,-832.472,44.497,-30.425,832.472,73.456,2.447,-1.126,정상
WELD_D08_L1_A040,4,32.365,25.583,-825.004,32.365,-25.583,825.004,88.437,2.993,0.164,정상
WELD_D08_L1_A040,5,14.526,15.515,-813.051,14.526,-15.515,813.051,112.109,4.269,-0.529,정상
WELD_D08_L1_A040,6,6.436,12.158,-808.867,6.436,-12.158,808.867,121.786,3.911,0.153,정상
WELD_D08_L1_A040,7,-6.398,4.67,-802.776,-6.398,-4.67,802.776,137.763,2.578,-0.763,정상
WELD_D08_L1_A040,8,-13.651,0.027,-798.304,-13.651,-0.027,798.304,147.431,2.682,-1.572,정상
WELD_D08_L1_A040,9,-28.218,-6.923,-788.493,-28.218,6.923,788.493,166.269,3.934,-0.985,정상
WELD_D08_L1_A040,10,-51.851,-20.257,-773.588,-51.851,20.257,773.588,197.2,4.801,-1.974,정상
WELD_D08_L1_A040,11,-67.404,-27.212,-764.389,-67.404,27.212,764.389,216.537,5.071,-1.024,정상
WELD_D08_L1_A040,12,-75.557,-30.139,-758.921,-75.557,30.139,758.921,226.679,5.878,0.173,정상
WELD_D08_L1_A040,13,-86.191,-35.752,-750.656,-86.191,35.752,750.656,241.155,7.698,0.199,정상
WELD_D08_L1_A040,14,-96.476,-42.334,-743.664,-96.476,42.334,743.664,255.165,8.421,-0.896,정상
WELD_D08_L1_A040,15,-109.785,-48.58,-738.318,-109.785,48.58,738.318,270.671,6.378,-0.547,정상
WELD_D08_L1_A040,16,-127.778,-56.762,-735.217,-127.778,56.762,735.217,289.632,0.0,-0.158,정상
WELD_D08_L1_A050,0,-123.395,-83.423,-708.476,-123.395,83.423,708.476,0.0,0.0,0.0,정상
WELD_D08_L1_A050,1,-110.082,-76.927,-712.738,-110.082,76.927,712.738,14.557,4.745,1.781,정상
WELD_D08_L1_A050,2,-99.145,-70.752,-719.278,-99.145,70.752,719.278,28.581,6.275,3.007,정상
WELD_D08_L1_A050,3,-85.02,-60.649,-731.518,-85.02,60.649,731.518,49.809,5.469,3.371,정상
WELD_D08_L1_A050,4,-77.809,-54.814,-736.762,-77.809,54.814,736.762,60.437,5.997,2.823,정상
WELD_D08_L1_A050,5,-72.024,-48.944,-740.213,-72.024,48.944,740.213,69.145,7.242,1.252,정상
WELD_D08_L1_A050,6,-66.861,-44.563,-744.003,-66.861,44.563,744.003,76.875,7.625,0.692,정상
WELD_D08_L1_A050,7,-59.874,-38.699,-750.36,-59.874,38.699,750.36,87.97,7.119,0.182,정상
WELD_D08_L1_A050,8,-42.022,-27.917,-766.2,-42.022,27.917,766.2,114.012,5.469,2.395,정상
WELD_D08_L1_A050,9,-26.446,-14.159,-779.522,-26.446,14.159,779.522,138.626,5.156,0.54,정상
WELD_D08_L1_A050,10,-9.872,-1.294,-793.307,-9.872,1.294,793.307,163.724,4.853,0.017,정상
WELD_D08_L1_A050,11,-0.159,5.498,-802.509,-0.159,-5.498,802.509,178.669,3.625,0.524,정상
WELD_D08_L1_A050,12,10.314,10.597,-810.565,10.314,-10.597,810.565,192.667,3.475,2.674,정상
WELD_D08_L1_A050,13,28.796,26.272,-828.243,28.796,-26.272,828.243,222.565,1.453,1.32,정상
WELD_D08_L1_A050,14,34.316,29.039,-833.039,34.316,-29.039,833.039,230.281,0.933,2.472,정상
WELD_D08_L1_A050,15,42.431,35.652,-839.978,42.431,-35.652,839.978,242.828,0.681,1.977,정상
WELD_D08_L1_A050,16,45.736,37.365,-843.164,45.736,-37.365,843.164,247.647,0.119,2.668,정상
WELD_D08_L1_A050,17,54.108,45.014,-850.611,54.108,-45.014,850.611,261.157,-0.244,1.5,정상
WELD_D08_L1_A050,18,72.925,59.446,-865.515,72.925,-59.446,865.515,289.16,-0.0,0.937,정상
WELD_D08_L1_A130,0,122.242,-103.637,-708.334,122.242,103.637,708.334,0.0,0.0,0.0,정상
WELD_D08_L1_A130,1,110.286,-91.028,-711.17,110.286,91.028,711.17,16.238,-6.625,-1.554,정상
WELD_D08_L1_A130,2,103.613,-85.455,-714.894,103.613,85.455,714.894,25.581,-8.053,-1.197,정상
WELD_D08_L1_A130,3,88.602,-73.047,-728.325,88.602,73.047,728.325,49.183,-6.936,-0.018,정상
WELD_D08_L1_A130,4,74.226,-60.62,-738.754,74.226,60.62,738.754,70.82,-8.101,0.565,정상
WELD_D08_L1_A130,5,60.153,-47.377,-753.321,60.153,47.377,753.321,94.917,-5.877,0.564,정상
WELD_D08_L1_A130,6,44.51,-33.619,-765.461,44.51,33.619,765.461,119.014,-6.546,1.066,정상
WELD_D08_L1_A130,7,32.696,-22.58,-776.715,32.696,22.58,776.715,138.685,-5.481,1.07,정상
WELD_D08_L1_A130,8,14.476,-3.975,-791.704,14.476,3.975,791.704,168.69,-6.337,-0.248,정상
WELD_D08_L1_A130,9,7.773,1.297,-797.589,7.773,-1.297,797.589,179.015,-5.85,0.475,정상
WELD_D08_L1_A130,10,-13.269,21.0,-815.494,-13.269,-21.0,815.494,212.949,-5.783,0.333,정상
WELD_D08_L1_A130,11,-24.031,32.07,-822.364,-24.031,-32.07,822.364,229.675,-7.997,-0.616,정상
WELD_D08_L1_A130,12,-27.237,34.453,-824.354,-27.237,-34.453,824.354,234.1,-8.422,-0.211,정상
WELD_D08_L1_A130,13,-29.721,37.484,-825.563,-29.721,-37.484,825.563,238.036,-9.4,-0.811,정상
WELD_D08_L1_A130,14,-36.779,43.471,-831.179,-36.779,-43.471,831.179,248.855,-9.515,-0.41,정상
WELD_D08_L1_A130,15,-42.791,48.928,-837.683,-42.791,-48.928,837.683,259.181,-8.265,-0.244,정상
WELD_D08_L1_A130,16,-46.743,51.539,-844.142,-46.743,-51.539,844.142,266.553,-5.288,0.723,정상
WELD_D08_L1_A130,17,-50.679,55.361,-849.296,-50.679,-55.361,849.296,273.93,-3.786,0.693,정상
WELD_D08_L1_A130,18,-51.755,57.242,-852.499,-51.755,-57.242,852.499,277.374,-2.112,0.153,정상
WELD_D08_L1_A130,19,-54.075,60.598,-856.348,-54.075,-60.598,856.348,282.786,-0.879,-0.652,정상
WELD_D08_L1_A130,20,-60.536,67.757,-863.262,-60.536,-67.757,863.262,294.592,-0.0,-1.455,정상
WELD_D08_L1_A140,0,131.66,-89.147,-723.759,131.66,89.147,723.759,0.0,0.0,0.0,정상
WELD_D08_L1_A140,1,119.118,-81.306,-725.573,119.118,81.306,725.573,14.21,-4.484,-0.216,정상
WELD_D08_L1_A140,2,105.918,-73.512,-729.74,105.918,73.512,729.74,29.886,-7.056,-0.017,정상
WELD_D08_L1_A140,3,95.049,-66.298,-735.382,95.049,66.298,735.382,44.087,-7.323,-0.503,정상
WELD_D08_L1_A140,4,80.226,-57.349,-745.79,80.226,57.349,745.79,64.16,-5.04,-0.363,정상
WELD_D08_L1_A140,5,68.454,-50.523,-752.543,68.454,50.523,752.543,79.339,-4.546,-0.034,정상
WELD_D08_L1_A140,6,64.687,-47.85,-754.241,64.687,47.85,754.241,84.237,-4.908,-0.353,정상
WELD_D08_L1_A140,7,55.669,-43.976,-757.729,55.669,43.976,757.729,94.523,-5.788,1.034,정상
WELD_D08_L1_A140,8,44.51,-37.677,-761.523,44.51,37.677,761.523,107.749,-7.656,1.454,정상
WELD_D08_L1_A140,9,36.609,-32.314,-765.392,36.609,32.314,765.392,118.033,-8.087,0.996,정상
WELD_D08_L1_A140,10,28.855,-27.212,-769.833,28.855,27.212,769.833,128.316,-7.89,0.694,정상
WELD_D08_L1_A140,11,5.548,-14.609,-784.974,5.548,14.609,784.974,158.672,-5.116,2.153,정상
WELD_D08_L1_A140,12,-9.116,-3.658,-793.396,-9.116,3.658,793.396,178.748,-4.987,0.467,정상
WELD_D08_L1_A140,13,-28.004,7.234,-803.431,-28.004,-7.234,803.431,202.743,-4.909,1.035,정상
WELD_D08_L1_A140,14,-40.595,16.744,-807.952,-40.595,-16.744,807.952,218.906,-7.286,-0.545,정상
WELD_D08_L1_A140,15,-51.308,24.051,-813.777,-51.308,-24.051,813.777,233.107,-7.35,-1.188,정상
WELD_D08_L1_A140,16,-76.813,40.014,-831.575,-76.813,-40.014,831.575,267.867,-3.635,-1.433,정상
WELD_D08_L1_A140,17,-84.824,42.993,-836.781,-84.824,-42.993,836.781,277.66,-2.406,0.227,정상
WELD_D08_L1_A140,18,-96.546,49.221,-845.483,-96.546,-49.221,845.483,293.325,0.0,1.072,정상
WELD_D08_L1_A150,0,128.985,-65.959,-742.853,128.985,65.959,742.853,0.0,0.0,0.0,정상
WELD_D08_L1_A150,1,114.622,-58.814,-742.31,114.622,58.814,742.31,14.726,-6.38,0.298,정상
WELD_D08_L1_A150,2,110.114,-56.776,-743.115,110.114,56.776,743.115,19.621,-7.432,0.523,정상
WELD_D08_L1_A150,3,91.764,-49.116,-751.324,91.764,49.116,751.324,41.095,-7.002,1.74,정상
WELD_D08_L1_A150,4,81.322,-43.15,-755.515,81.322,43.15,755.515,53.799,-7.544,1.032,정상
WELD_D08_L1_A150,5,72.332,-38.274,-760.198,72.332,38.274,760.198,65.024,-6.957,0.597,정상
WELD_D08_L1_A150,6,55.816,-32.032,-768.8,55.816,32.032,768.8,84.528,-5.305,2.208,정상
WELD_D08_L1_A150,7,35.393,-21.295,-776.896,35.393,21.295,776.896,108.956,-6.261,1.656,정상
WELD_D08_L1_A150,8,10.421,-9.153,-790.259,10.421,9.153,790.259,139.688,-4.004,1.674,정상
WELD_D08_L1_A150,9,1.74,-5.045,-793.86,1.74,5.045,793.86,149.943,-4.166,1.836,정상
WELD_D08_L1_A150,10,-9.83,1.989,-798.297,-9.83,-1.989,798.297,164.118,-5.049,0.687,정상
WELD_D08_L1_A150,11,-21.757,7.927,-804.416,-21.757,-7.927,804.416,178.757,-4.245,0.587,정상
WELD_D08_L1_A150,12,-38.395,17.433,-810.541,-38.395,-17.433,810.541,198.797,-5.622,-0.511,정상
WELD_D08_L1_A150,13,-47.179,21.109,-814.379,-47.179,-21.109,814.379,209.047,-5.503,0.069,정상
WELD_D08_L1_A150,14,-61.987,29.013,-821.086,-61.987,-29.013,821.086,227.114,-5.445,-0.481,정상
WELD_D08_L1_A150,15,-85.208,38.54,-830.775,-85.208,-38.54,830.775,253.963,-5.514,1.243,정상
WELD_D08_L1_A150,16,-97.256,44.047,-837.089,-97.256,-44.047,837.089,268.597,-4.475,1.571,정상
WELD_D08_L1_A150,17,-115.707,53.131,-850.01,-115.707,-53.131,850.01,292.467,0.0,1.325,정상
WELD_D08_L1_A160,0,127.025,-57.505,-753.853,127.025,57.505,753.853,0.0,0.0,0.0,정상
WELD_D08_L1_A160,1,112.685,-54.356,-752.688,112.685,54.356,752.688,14.137,-4.121,0.235,정상
WELD_D08_L1_A160,2,102.573,-52.04,-753.176,102.573,52.04,753.176,24.391,-5.749,0.49,정상
WELD_D08_L1_A160,3,93.837,-49.322,-754.828,93.837,49.322,754.828,33.682,-5.901,0.193,정상
WELD_D08_L1_A160,4,78.94,-46.594,-759.298,78.94,46.594,759.298,49.351,-4.717,1.745,정상
WELD_D08_L1_A160,5,69.625,-44.336,-761.286,69.625,44.336,761.286,59.135,-4.713,2.075,정상
WELD_D08_L1_A160,6,50.888,-37.371,-763.877,50.888,37.371,763.877,79.172,-5.869,0.211,정상
WELD_D08_L1_A160,7,22.795,-31.176,-769.912,22.795,31.176,769.912,108.523,-5.871,1.8,정상
WELD_D08_L1_A160,8,9.599,-27.478,-773.771,9.599,27.478,773.771,122.721,-4.811,1.93,정상
WELD_D08_L1_A160,9,-0.274,-23.721,-776.051,-0.274,23.721,776.051,133.483,-4.526,0.991,정상
WELD_D08_L1_A160,10,-5.325,-22.111,-776.991,-5.325,22.111,776.991,138.862,-4.626,0.78,정상
WELD_D08_L1_A160,11,-25.591,-18.316,-778.937,-25.591,18.316,778.937,159.381,-7.019,2.24,정상
WELD_D08_L1_A160,12,-42.894,-12.332,-782.326,-42.894,12.332,782.326,177.964,-7.158,1.089,정상
WELD_D08_L1_A160,13,-68.138,-4.049,-784.125,-68.138,4.049,784.125,204.336,-10.449,-0.598,정상
WELD_D08_L1_A160,14,-94.82,2.958,-790.928,-94.82,-2.958,790.928,232.72,-9.317,-0.02,정상
WELD_D08_L1_A160,15,-108.7,5.75,-795.216,-108.7,-5.75,795.216,247.411,-8.073,1.203,정상
WELD_D08_L1_A160,16,-119.57,8.303,-799.39,-119.57,-8.303,799.39,259.172,-6.276,1.923,정상
WELD_D08_L1_A160,17,-127.276,11.94,-802.346,-127.276,-11.94,802.346,267.991,-4.853,0.676,정상
WELD_D08_L1_A160,18,-138.081,15.922,-807.441,-138.081,-15.922,807.441,280.251,-2.029,0.134,정상
WELD_D08_L1_A160,19,-149.794,18.874,-812.017,-149.794,-18.874,812.017,292.993,0.0,0.726,정상
WELD_D08_L1_A170,0,-161.27,14.675,-807.599,-161.27,-14.675,807.599,0.0,0.0,0.0,정상
WELD_D08_L1_A170,1,-142.196,11.082,-800.046,-142.196,-11.082,800.046,20.047,5.611,-0.665,정상
WELD_D08_L1_A170,2,-136.68,9.332,-798.437,-136.68,-9.332,798.437,25.912,6.764,-0.075,정상
WELD_D08_L1_A170,3,-125.932,7.315,-794.723,-125.932,-7.315,794.723,37.154,9.392,-0.373,정상
WELD_D08_L1_A170,4,-113.501,5.222,-793.24,-113.501,-5.222,793.24,49.844,9.633,-0.519,정상
WELD_D08_L1_A170,5,-85.514,0.921,-792.015,-85.514,-0.921,792.015,78.138,8.04,-0.921,정상
WELD_D08_L1_A170,6,-75.273,-2.453,-790.781,-75.273,2.453,790.781,88.88,8.475,0.567,정상
WELD_D08_L1_A170,7,-55.741,-5.775,-787.705,-55.741,5.775,787.705,108.896,9.592,0.256,정상
WELD_D08_L1_A170,8,-41.243,-7.842,-787.012,-41.243,7.842,787.012,123.531,8.802,-0.119,정상
WELD_D08_L1_A170,9,-17.781,-12.707,-786.346,-17.781,12.707,786.346,147.435,7.284,0.828,정상
WELD_D08_L1_A170,10,16.018,-18.579,-780.977,16.018,18.579,780.977,182.098,9.278,0.403,정상
WELD_D08_L1_A170,11,36.379,-21.562,-780.875,36.379,21.562,780.875,202.581,7.323,0.09,정상
WELD_D08_L1_A170,12,55.457,-25.757,-779.938,55.457,25.757,779.938,222.098,6.51,1.032,정상
WELD_D08_L1_A170,13,65.539,-27.15,-778.614,65.539,27.15,778.614,232.348,6.783,0.598,정상
WELD_D08_L1_A170,14,84.128,-29.63,-774.499,84.128,29.63,774.499,251.394,8.92,-0.546,정상
WELD_D08_L1_A170,15,89.882,-30.65,-774.099,89.882,30.65,774.099,257.249,8.758,-0.519,정상
WELD_D08_L1_A170,16,95.818,-30.865,-774.149,95.818,30.865,774.149,263.099,8.02,-1.236,정상
WELD_D08_L1_A170,17,114.578,-33.764,-778.125,114.578,33.764,778.125,281.605,2.238,-0.751,정상
WELD_D08_L1_A170,18,125.244,-36.018,-779.402,125.244,36.018,779.402,292.327,0.0,-0.036,정상
WELD_D08_L2_A000,0,-148.414,-8.11,-792.911,-148.414,8.11,792.911,0.0,0.0,0.0,정상
WELD_D08_L2_A000,1,-130.787,-6.424,-790.888,-130.787,6.424,790.888,17.437,-3.673,-0.334,정상
WELD_D08_L2_A000,2,-125.291,-6.333,-790.986,-125.291,6.333,790.986,22.926,-3.984,-0.286,정상
WELD_D08_L2_A000,3,-113.349,-6.354,-792.138,-113.349,6.354,792.138,34.909,-3.812,0.266,정상
WELD_D08_L2_A000,4,-91.473,-7.885,-794.003,-91.473,7.885,794.003,56.888,-2.7,-0.008,정상
WELD_D08_L2_A000,5,-78.561,-6.954,-796.138,-78.561,6.954,796.138,69.868,-2.47,1.892,정상
WELD_D08_L2_A000,6,-74.57,-5.94,-796.712,-74.57,5.94,796.712,73.856,-2.94,2.972,정상
WELD_D08_L2_A000,7,-67.096,-5.923,-797.234,-67.096,5.923,797.234,81.344,-3.001,3.209,정상
WELD_D08_L2_A000,8,-52.611,-6.34,-797.318,-52.611,6.34,797.318,95.817,-3.523,2.722,정상
WELD_D08_L2_A000,9,-34.723,-9.825,-798.157,-34.723,9.825,798.157,113.812,-1.665,0.363,정상
WELD_D08_L2_A000,10,-14.768,-8.889,-799.382,-14.768,8.889,799.382,133.772,-2.54,1.56,정상
WELD_D08_L2_A000,11,-2.84,-9.856,-800.428,-2.84,9.856,800.428,145.761,-1.827,1.329,정상
WELD_D08_L2_A000,12,19.674,-10.904,-799.636,19.674,10.904,799.636,168.217,-3.069,-0.335,정상
WELD_D08_L2_A000,13,44.986,-11.434,-803.21,44.986,11.434,803.21,193.693,-1.532,1.214,정상
WELD_D08_L2_A000,14,60.0,-10.955,-803.057,60.0,10.955,803.057,208.657,-2.852,1.239,정상
WELD_D08_L2_A000,15,79.617,-7.929,-801.768,79.617,7.929,801.768,228.085,-6.969,2.366,정상
WELD_D08_L2_A000,16,95.127,-8.479,-801.282,95.127,8.479,801.282,243.554,-7.894,1.389,정상
WELD_D08_L2_A000,17,101.117,-9.063,-801.245,101.117,9.063,801.245,249.545,-7.893,0.83,정상
WELD_D08_L2_A000,18,104.589,-10.428,-801.26,104.589,10.428,801.26,253.049,-7.192,-0.244,정상
WELD_D08_L2_A000,19,119.538,-10.894,-802.054,119.538,10.894,802.054,268.026,-7.175,-0.31,정상
WELD_D08_L2_A000,20,135.342,-11.481,-805.814,135.342,11.481,805.814,284.023,-4.898,1.468,정상
WELD_D08_L2_A000,21,138.719,-13.553,-807.497,138.719,13.553,807.497,287.543,-2.472,0.956,정상
WELD_D08_L2_A000,22,150.071,-16.037,-809.511,150.071,16.037,809.511,299.051,-0.0,0.226,정상
WELD_D08_L2_A010,0,142.46,9.301,-829.241,142.46,-9.301,829.241,0.0,0.0,0.0,정상
WELD_D08_L2_A010,1,127.99,8.445,-823.148,127.99,-8.445,823.148,15.298,-3.045,-1.975,정상
WELD_D08_L2_A010,2,114.324,6.395,-819.01,114.324,-6.395,819.01,29.599,-4.934,-2.063,정상
WELD_D08_L2_A010,3,98.713,5.197,-817.101,98.713,-5.197,817.101,45.35,-4.108,-2.105,정상
WELD_D08_L2_A010,4,83.264,2.26,-815.235,83.264,-2.26,815.235,61.107,-3.939,-0.527,정상
WELD_D08_L2_A010,5,68.282,0.615,-812.799,68.282,-0.615,812.799,76.373,-3.882,-0.35,정상
WELD_D08_L2_A010,6,58.191,0.024,-810.474,58.191,-0.024,810.474,86.719,-4.264,-0.975,정상
WELD_D08_L2_A010,7,44.996,-1.861,-806.426,44.996,1.861,806.426,100.527,-6.1,-1.168,정상
WELD_D08_L2_A010,8,34.919,-2.963,-804.323,34.919,2.963,804.323,110.873,-6.479,-1.236,정상
WELD_D08_L2_A010,9,12.477,-5.294,-801.95,12.477,5.294,801.95,133.513,-5.189,-0.59,정상
WELD_D08_L2_A010,10,5.992,-4.934,-801.553,5.992,4.934,801.553,139.906,-4.161,-1.239,정상
WELD_D08_L2_A010,11,-9.791,-6.01,-800.639,-9.791,6.01,800.639,155.647,-2.356,-1.006,정상
WELD_D08_L2_A010,12,-32.29,-8.246,-798.57,-32.29,8.246,798.57,178.285,-0.744,-0.329,정상
WELD_D08_L2_A010,13,-43.561,-7.845,-796.752,-43.561,7.845,796.752,189.606,-0.061,-1.695,정상
WELD_D08_L2_A010,14,-57.492,-7.779,-792.981,-57.492,7.779,792.981,203.896,-0.759,-3.589,정상
WELD_D08_L2_A010,15,-92.551,-15.098,-784.845,-92.551,15.098,784.845,240.371,-4.153,-0.946,정상
WELD_D08_L2_A010,16,-101.839,-16.095,-783.996,-101.839,16.095,783.996,249.722,-3.511,-0.596,정상
WELD_D08_L2_A010,17,-110.316,-15.914,-783.63,-110.316,15.914,783.63,258.081,-2.139,-1.119,정상
WELD_D08_L2_A010,18,-131.169,-17.301,-780.159,-131.169,17.301,780.159,279.254,-1.786,-1.733,정상
WELD_D08_L2_A010,19,-146.919,-19.421,-779.673,-146.919,19.421,779.673,294.995,0.0,-0.371,정상
WELD_D08_L2_A020,0,139.683,26.06,-842.972,139.683,-26.06,842.972,0.0,0.0,0.0,정상
WELD_D08_L2_A020,1,117.757,22.441,-833.529,117.757,-22.441,833.529,23.839,-2.961,-2.445,정상
WELD_D08_L2_A020,2,94.815,18.633,-826.123,94.815,-18.633,826.123,48.174,-3.84,-4.092,정상
WELD_D08_L2_A020,3,84.512,16.509,-823.16,84.512,-16.509,823.16,59.098,-4.037,-4.319,정상
WELD_D08_L2_A020,4,53.012,7.697,-812.598,53.012,-7.697,812.598,93.354,-6.718,-3.402,정상
WELD_D08_L2_A020,5,27.874,3.351,-806.018,27.874,-3.351,806.018,119.674,-6.354,-4.496,정상
WELD_D08_L2_A020,6,10.962,-2.143,-801.092,10.962,2.143,801.092,138.04,-7.362,-3.029,정상
WELD_D08_L2_A020,7,-2.856,-5.707,-798.749,-2.856,5.707,798.749,152.438,-6.383,-2.084,정상
WELD_D08_L2_A020,8,-22.534,-8.261,-795.862,-22.534,8.261,795.862,172.304,-3.796,-2.913,정상
WELD_D08_L2_A020,9,-42.277,-13.644,-789.616,-42.277,13.644,789.616,193.652,-5.096,-2.334,정상
WELD_D08_L2_A020,10,-46.796,-15.513,-788.418,-46.796,15.513,788.418,198.615,-5.384,-1.528,정상
WELD_D08_L2_A020,11,-56.244,-17.817,-786.357,-56.244,17.817,786.357,208.544,-5.086,-1.169,정상
WELD_D08_L2_A020,12,-70.375,-18.936,-783.122,-70.375,18.936,783.122,222.95,-4.051,-2.844,정상
WELD_D08_L2_A020,13,-80.407,-20.714,-780.836,-80.407,20.714,780.836,233.379,-3.613,-3.118,정상
WELD_D08_L2_A020,14,-98.498,-26.661,-776.787,-98.498,26.661,776.787,252.737,-3.615,-1.046,정상
WELD_D08_L2_A020,15,-121.98,-31.672,-768.46,-121.98,31.672,768.46,278.062,-5.534,-1.97,정상
WELD_D08_L2_A020,16,-127.252,-32.728,-767.434,-127.252,32.728,767.434,283.524,-5.185,-1.938,정상
WELD_D08_L2_A020,17,-142.4,-30.626,-767.345,-142.4,30.626,767.345,297.443,0.0,-5.58,정상
WELD_D08_L2_A030,0,128.403,39.014,-855.464,128.403,-39.014,855.464,0.0,0.0,0.0,정상
WELD_D08_L2_A030,1,110.915,33.774,-843.062,110.915,-33.774,843.062,21.398,-5.313,0.989,정상
WELD_D08_L2_A030,2,102.573,30.309,-838.717,102.573,-30.309,838.717,31.334,-6.12,2.047,정상
WELD_D08_L2_A030,3,94.95,28.477,-835.531,94.95,-28.477,835.531,39.777,-6.525,1.642,정상
WELD_D08_L2_A030,4,85.065,25.389,-832.063,85.065,-25.389,832.063,50.695,-6.231,1.642,정상
WELD_D08_L2_A030,5,75.188,23.654,-828.928,75.188,-23.654,828.928,61.119,-6.03,0.344,정상
WELD_D08_L2_A030,6,61.796,19.692,-825.241,61.796,-19.692,825.241,75.502,-4.766,-0.051,정상
WELD_D08_L2_A030,7,35.409,11.27,-814.234,35.409,-11.27,814.234,105.294,-5.541,0.45,정상
WELD_D08_L2_A030,8,24.91,8.612,-810.574,24.91,-8.612,810.574,116.71,-5.389,-0.124,정상
WELD_D08_L2_A030,9,4.083,0.368,-802.265,4.083,-0.368,802.265,140.533,-5.187,1.661,정상
WELD_D08_L2_A030,10,-18.899,-7.344,-796.356,-18.899,7.344,796.356,165.324,-2.368,1.742,정상
WELD_D08_L2_A030,11,-26.415,-9.689,-793.31,-26.415,9.689,793.31,173.765,-2.523,1.818,정상
WELD_D08_L2_A030,12,-44.197,-13.497,-784.973,-44.197,13.497,784.973,193.642,-4.436,0.618,정상
WELD_D08_L2_A030,13,-53.223,-16.952,-780.979,-53.223,16.952,780.979,204.069,-4.745,1.359,정상
WELD_D08_L2_A030,14,-61.728,-19.183,-777.532,-61.728,19.183,777.532,213.504,-5.043,1.057,정상
WELD_D08_L2_A030,15,-70.994,-21.322,-774.575,-70.994,21.322,774.575,223.429,-4.717,0.31,정상
WELD_D08_L2_A030,16,-93.752,-28.781,-767.848,-93.752,28.781,767.848,248.229,-2.784,0.393,정상
WELD_D08_L2_A030,17,-115.128,-35.696,-758.419,-115.128,35.696,758.419,272.563,-3.856,0.98,정상
WELD_D08_L2_A030,18,-120.194,-36.659,-756.533,-120.194,36.659,756.533,278.026,-3.986,0.434,정상
WELD_D08_L2_A030,19,-124.362,-37.895,-755.427,-124.362,37.895,755.427,282.489,-3.554,0.305,정상
WELD_D08_L2_A030,20,-138.027,-44.598,-753.284,-138.027,44.598,753.284,297.343,-0.0,2.033,정상
WELD_D08_L2_A040,0,99.995,59.98,-872.303,99.995,-59.98,872.303,0.0,0.0,0.0,정상
WELD_D08_L2_A040,1,83.857,54.097,-860.667,83.857,-54.097,860.667,20.496,-2.544,-1.969,정상
WELD_D08_L2_A040,2,68.873,47.507,-849.808,68.873,-47.507,849.808,40.015,-4.576,-2.834,정상
WELD_D08_L2_A040,3,57.275,39.465,-841.868,57.275,-39.465,841.868,56.11,-4.757,-1.063,정상
WELD_D08_L2_A040,4,42.414,31.885,-832.724,42.414,-31.885,832.724,75.132,-5.002,-1.227,정상
WELD_D08_L2_A040,5,24.021,20.835,-821.069,24.021,-20.835,821.069,99.518,-5.04,0.026,정상
WELD_D08_L2_A040,6,3.675,11.271,-809.292,3.675,-11.271,809.292,124.878,-4.998,-0.976,정상
WELD_D08_L2_A040,7,-26.16,-4.589,-790.767,-26.16,4.589,790.767,163.409,-5.419,-0.74,정상
WELD_D08_L2_A040,8,-49.685,-18.204,-778.492,-49.685,18.204,778.492,193.148,-3.341,0.112,정상
WELD_D08_L2_A040,9,-68.974,-28.013,-766.202,-68.974,28.013,766.202,218.024,-4.036,-0.075,정상
WELD_D08_L2_A040,10,-85.09,-35.869,-757.319,-85.09,35.869,757.319,238.017,-3.52,-0.683,정상
WELD_D08_L2_A040,11,-96.726,-42.184,-750.01,-96.726,42.184,750.01,253.137,-3.715,-0.472,정상
WELD_D08_L2_A040,12,-112.423,-48.972,-740.525,-112.423,48.972,740.525,272.647,-4.229,-1.698,정상
WELD_D08_L2_A040,13,-116.996,-51.029,-738.516,-116.996,51.029,738.516,278.009,-3.692,-2.077,정상
WELD_D08_L2_A040,14,-129.219,-58.233,-735.075,-129.219,58.233,735.075,292.133,-0.0,-1.87,정상
WELD_D08_L2_A050,0,-125.2,-84.54,-709.637,-125.2,84.54,709.637,0.0,0.0,0.0,정상
WELD_D08_L2_A050,1,-111.888,-77.635,-713.489,-111.888,77.635,713.489,14.593,5.171,0.138,정상
WELD_D08_L2_A050,2,-107.395,-74.106,-716.281,-107.395,74.106,716.281,20.91,5.714,-0.343,정상
WELD_D08_L2_A050,3,-97.879,-68.099,-723.967,-97.879,68.099,723.967,34.51,5.556,0.517,정상
WELD_D08_L2_A050,4,-81.193,-54.73,-735.643,-81.193,54.73,735.643,58.801,6.552,-1.051,정상
WELD_D08_L2_A050,5,-67.165,-45.096,-746.909,-67.165,45.096,746.909,79.201,6.336,-0.479,정상
WELD_D08_L2_A050,6,-57.094,-37.613,-756.145,-57.094,37.613,756.145,94.74,5.27,-0.166,정상
WELD_D08_L2_A050,7,-47.697,-32.126,-764.461,-47.697,32.126,764.461,108.337,4.572,1.319,정상
WELD_D08_L2_A050,8,-40.114,-26.898,-769.898,-40.114,26.898,769.898,119.025,4.958,1.386,정상
WELD_D08_L2_A050,9,-33.586,-21.267,-774.492,-33.586,21.267,774.492,128.741,5.311,0.435,정상
WELD_D08_L2_A050,10,-16.192,-8.212,-788.271,-16.192,8.212,788.271,154.484,5.144,0.116,정상
WELD_D08_L2_A050,11,-7.337,-1.166,-796.74,-7.337,1.166,796.74,168.566,3.918,0.105,정상
WELD_D08_L2_A050,12,-0.684,2.649,-802.853,-0.684,-2.649,802.853,178.277,3.253,1.295,정상
WELD_D08_L2_A050,13,13.599,14.112,-813.011,13.599,-14.112,813.011,199.167,3.978,-0.008,정상
WELD_D08_L2_A050,14,30.194,25.26,-826.853,30.194,-25.26,826.853,223.451,3.336,1.06,정상
WELD_D08_L2_A050,15,43.08,36.907,-837.709,43.08,-36.907,837.709,243.849,2.628,-0.666,정상
WELD_D08_L2_A050,16,60.476,48.56,-850.07,60.476,-48.56,850.07,268.14,3.617,-0.254,정상
WELD_D08_L2_A050,17,73.702,60.253,-864.969,73.702,-60.253,864.969,290.954,0.0,-0.512,정상
WELD_D08_L2_A130,0,-59.616,67.548,-863.212,-59.616,-67.548,863.212,0.0,0.0,0.0,정상
WELD_D08_L2_A130,1,-51.286,59.237,-854.167,-51.286,-59.237,854.167,14.755,1.598,-0.11,정상
WELD_D08_L2_A130,2,-38.933,49.402,-842.192,-38.933,-49.402,842.192,34.43,3.128,-1.918,정상
WELD_D08_L2_A130,3,-29.564,38.459,-833.526,-29.564,-38.459,833.526,51.169,3.481,-0.397,정상
WELD_D08_L2_A130,4,-24.439,31.249,-828.827,-24.439,-31.249,828.827,61.019,3.475,1.425,정상
WELD_D08_L2_A130,5,-21.446,29.184,-826.219,-21.446,-29.184,826.219,65.447,3.648,0.804,정상
WELD_D08_L2_A130,6,-13.086,20.189,-817.958,-13.086,-20.189,817.958,80.21,4.498,1.416,정상
WELD_D08_L2_A130,7,-2.235,7.263,-808.549,-2.235,-7.263,808.549,99.415,4.36,3.533,정상
WELD_D08_L2_A130,8,5.632,0.946,-802.35,5.632,-0.946,802.35,111.231,4.161,2.774,정상
WELD_D08_L2_A130,9,17.834,-7.541,-791.507,17.834,7.541,791.507,129.434,5.032,0.247,정상
WELD_D08_L2_A130,10,28.094,-17.322,-782.606,28.094,17.322,782.606,146.171,5.232,0.292,정상
WELD_D08_L2_A130,11,39.906,-26.954,-771.634,39.906,26.954,771.634,164.867,6.274,-1.137,정상
WELD_D08_L2_A130,12,44.026,-32.653,-766.894,44.026,32.653,766.894,173.231,7.069,0.015,정상
WELD_D08_L2_A130,13,55.06,-45.297,-756.461,55.06,45.297,756.461,192.921,7.702,1.556,정상
WELD_D08_L2_A130,14,72.359,-60.802,-742.531,72.359,60.802,742.531,220.001,7.292,1.106,정상
WELD_D08_L2_A130,15,78.782,-65.507,-736.597,78.782,65.507,736.597,229.84,7.904,-0.089,정상
WELD_D08_L2_A130,16,87.376,-73.731,-728.692,87.376,73.731,728.692,244.112,8.435,-0.136,정상
WELD_D08_L2_A130,17,107.124,-91.975,-714.116,107.124,91.975,714.116,274.651,6.811,0.109,정상
WELD_D08_L2_A130,18,115.235,-98.39,-711.092,115.235,98.39,711.092,285.016,3.869,0.07,정상
WELD_D08_L2_A130,19,123.155,-105.25,-709.261,123.155,105.25,709.261,294.898,-0.0,0.784,정상
WELD_D08_L2_A140,0,-95.366,49.072,-847.172,-95.366,-49.072,847.172,0.0,0.0,0.0,정상
WELD_D08_L2_A140,1,-79.832,41.254,-836.633,-79.832,-41.254,836.633,20.158,2.026,-1.757,정상
WELD_D08_L2_A140,2,-59.125,27.824,-823.233,-59.125,-27.824,823.233,48.175,3.906,-1.364,정상
WELD_D08_L2_A140,3,-46.521,20.219,-816.428,-46.521,-20.219,816.428,64.393,3.885,-1.429,정상
WELD_D08_L2_A140,4,-29.027,7.452,-805.727,-29.027,-7.452,805.727,88.474,4.805,0.24,정상
WELD_D08_L2_A140,5,-9.222,-3.695,-793.951,-9.222,3.695,793.951,114.033,5.806,-0.724,정상
WELD_D08_L2_A140,6,6.201,-14.152,-786.203,6.201,14.152,786.203,134.178,5.171,0.291,정상
WELD_D08_L2_A140,7,29.89,-28.341,-772.142,29.89,28.341,772.142,165.142,6.278,-0.107,정상
WELD_D08_L2_A140,8,36.615,-31.591,-768.31,36.615,31.591,768.31,173.498,6.511,-0.88,정상
WELD_D08_L2_A140,9,40.559,-34.494,-765.981,40.559,34.494,765.981,178.904,6.642,-0.47,정상
WELD_D08_L2_A140,10,49.055,-39.172,-762.352,49.055,39.172,762.352,189.222,5.805,-0.768,정상
WELD_D08_L2_A140,11,65.289,-48.326,-756.989,65.289,48.326,756.989,208.377,2.782,-0.922,정상
WELD_D08_L2_A140,12,88.826,-63.831,-744.14,88.826,63.831,744.14,239.336,2.766,0.081,정상
WELD_D08_L2_A140,13,96.739,-68.585,-739.514,96.739,68.585,739.514,249.657,3.072,-0.029,정상
WELD_D08_L2_A140,14,102.894,-72.104,-734.927,102.894,72.104,734.927,258.016,4.209,-0.415,정상
WELD_D08_L2_A140,15,107.405,-73.872,-732.362,107.405,73.872,732.362,263.423,4.393,-1.295,정상
WELD_D08_L2_A140,16,115.587,-78.519,-728.113,115.587,78.519,728.113,273.743,4.252,-1.567,정상
WELD_D08_L2_A140,17,120.243,-80.989,-726.617,120.243,80.989,726.617,279.146,3.359,-1.741,정상
WELD_D08_L2_A140,18,132.842,-89.721,-723.441,132.842,89.721,723.441,294.367,0.0,-0.288,정상
WELD_D08_L2_A150,0,130.275,-66.031,-747.759,130.275,66.031,747.759,0.0,0.0,0.0,정상
WELD_D08_L2_A150,1,116.838,-59.41,-749.26,116.838,59.41,749.26,14.573,-3.776,0.026,정상
WELD_D08_L2_A150,2,107.964,-54.913,-751.739,107.964,54.913,751.739,24.764,-4.895,-0.099,정상
WELD_D08_L2_A150,3,91.136,-48.171,-757.378,91.136,48.171,757.378,43.678,-5.832,1.241,정상
WELD_D08_L2_A150,4,81.491,-44.411,-761.619,81.491,44.411,761.619,54.826,-5.404,2.081,정상
WELD_D08_L2_A150,5,70.213,-38.077,-765.857,70.213,38.077,765.857,68.408,-5.913,1.345,정상
WELD_D08_L2_A150,6,61.458,-33.086,-768.048,61.458,33.086,768.048,78.601,-7.352,0.73,정상
WELD_D08_L2_A150,7,52.005,-28.83,-770.799,52.005,28.83,770.799,89.275,-8.349,1.073,정상
WELD_D08_L2_A150,8,48.159,-27.394,-772.33,48.159,27.394,772.33,93.638,-8.317,1.468,정상
WELD_D08_L2_A150,9,30.012,-16.747,-782.669,30.012,16.747,782.669,116.898,-5.914,-0.199,정상
WELD_D08_L2_A150,10,20.798,-12.888,-786.451,20.798,12.888,786.451,127.564,-5.804,0.37,정상
WELD_D08_L2_A150,11,8.338,-6.608,-790.678,8.338,6.608,790.678,142.117,-6.67,0.208,정상
WELD_D08_L2_A150,12,-16.805,4.694,-802.806,-16.805,-4.694,802.806,172.164,-4.807,1.033,정상
WELD_D08_L2_A150,13,-38.022,16.265,-810.247,-38.022,-16.265,810.247,197.39,-6.204,-0.032,정상
WELD_D08_L2_A150,14,-49.449,21.976,-814.85,-49.449,-21.976,814.85,210.967,-6.309,-0.152,정상
WELD_D08_L2_A150,15,-66.268,30.103,-823.03,-66.268,-30.103,823.03,231.324,-5.097,-0.109,정상
WELD_D08_L2_A150,16,-83.174,37.99,-832.656,-83.174,-37.99,832.656,252.154,-2.514,0.157,정상
WELD_D08_L2_A150,17,-115.599,51.496,-848.22,-115.599,-51.496,848.22,290.438,-0.0,2.179,정상
WELD_D08_L2_A160,0,125.597,-59.771,-753.184,125.597,59.771,753.184,0.0,0.0,0.0,정상
WELD_D08_L2_A160,1,110.688,-54.961,-754.946,110.688,54.961,754.946,15.698,1.243,0.75,정상
WELD_D08_L2_A160,2,92.849,-50.014,-760.182,92.849,50.014,760.182,34.88,-0.102,0.147,정상
WELD_D08_L2_A160,3,78.313,-46.785,-763.53,78.313,46.785,763.53,50.107,-0.183,-0.886,정상
WELD_D08_L2_A160,4,25.798,-29.697,-770.295,25.798,29.697,770.295,105.55,3.639,1.762,정상
WELD_D08_L2_A160,5,12.072,-25.673,-773.982,12.072,25.673,773.982,120.301,2.89,1.584,정상
WELD_D08_L2_A160,6,-1.108,-23.713,-778.163,-1.108,23.713,778.163,134.069,1.899,-0.536,정상
WELD_D08_L2_A160,7,-11.641,-21.572,-779.63,-11.641,21.572,779.63,144.858,2.787,-1.247,정상
WELD_D08_L2_A160,8,-26.193,-17.257,-781.286,-26.193,17.257,781.286,160.061,4.129,-0.858,정상
WELD_D08_L2_A160,9,-49.552,-10.937,-788.195,-49.552,10.937,788.195,185.146,2.345,-1.81,정상
WELD_D08_L2_A160,10,-63.591,-5.228,-790.451,-63.591,5.228,790.451,200.371,2.74,-0.129,정상
WELD_D08_L2_A160,11,-87.222,0.84,-793.605,-87.222,-0.84,793.605,224.895,4.641,-0.495,정상
WELD_D08_L2_A160,12,-115.222,9.834,-796.71,-115.222,-9.834,796.71,254.325,7.177,0.924,정상
WELD_D08_L2_A160,13,-125.901,12.292,-799.653,-125.901,-12.292,799.653,265.631,6.643,0.133,정상
WELD_D08_L2_A160,14,-134.87,14.835,-803.269,-134.87,-14.835,803.269,275.486,5.021,-0.35,정상
WELD_D08_L2_A160,15,-138.312,15.928,-805.357,-138.312,-15.928,805.357,279.44,3.712,-0.588,정상
WELD_D08_L2_A160,16,-150.755,22.963,-811.26,-150.755,-22.963,811.26,294.254,-0.0,1.848,정상
WELD_D08_L2_A170,0,123.066,-37.09,-777.135,123.066,37.09,777.135,0.0,0.0,0.0,정상
WELD_D08_L2_A170,1,108.535,-34.287,-776.229,108.535,34.287,776.229,14.621,-2.408,-0.491,정상
WELD_D08_L2_A170,2,94.582,-31.765,-776.621,94.582,31.765,776.621,28.763,-3.502,-0.605,정상
WELD_D08_L2_A170,3,49.624,-24.671,-782.49,49.624,24.671,782.49,74.626,-2.638,0.737,정상
WELD_D08_L2_A170,4,26.583,-20.564,-783.783,26.583,20.564,783.783,98.036,-3.819,0.703,정상
WELD_D08_L2_A170,5,15.435,-19.322,-784.661,15.435,19.322,784.661,109.255,-4.241,1.452,정상
WELD_D08_L2_A170,6,-8.059,-13.228,-787.712,-8.059,13.228,787.712,133.652,-3.489,-0.175,정상
WELD_D08_L2_A170,7,-22.488,-10.655,-788.231,-22.488,10.655,788.231,148.281,-4.514,-0.242,정상
WELD_D08_L2_A170,8,-36.303,-8.218,-790.13,-36.303,8.218,790.13,162.432,-4.121,-0.064,정상
WELD_D08_L2_A170,9,-55.128,-2.902,-791.484,-55.128,2.902,791.484,181.943,-4.534,-1.957,정상
WELD_D08_L2_A170,10,-80.104,-0.045,-795.621,-80.104,0.045,795.621,207.319,-3.336,-0.021,정상
WELD_D08_L2_A170,11,-101.016,2.302,-796.522,-101.016,-2.302,796.522,228.288,-4.857,1.252,정상
WELD_D08_L2_A170,12,-124.088,8.237,-799.113,-124.088,-8.237,799.113,252.195,-4.524,-0.36,정상
WELD_D08_L2_A170,13,-144.568,11.785,-802.101,-144.568,-11.785,802.101,273.177,-3.78,-0.008,정상
WELD_D08_L2_A170,14,-162.719,15.641,-807.829,-162.719,-15.641,807.829,292.225,0.0,0.08,정상
WELD_D12_L1_A000,0,171.157,27.849,-1195.989,171.157,-27.849,1195.989,0.0,0.0,0.0,정상
WELD_D12_L1_A000,1,167.75,29.277,-1195.365,167.75,-29.277,1195.365,3.349,0.078,-1.677,정상
WELD_D12_L1_A000,2,159.561,30.669,-1192.576,159.561,-30.669,1192.576,11.463,-1.775,-4.417,정상
WELD_D12_L1_A000,3,147.697,29.101,-1189.758,147.697,-29.101,1189.758,23.355,-4.889,-4.627,정상
WELD_D12_L1_A000,4,140.608,27.68,-1188.97,140.608,-27.68,1188.97,30.485,-6.148,-3.931,정상
WELD_D12_L1_A000,5,118.292,25.923,-1189.022,118.292,-25.923,1189.022,52.848,-6.659,-3.11,정상
WELD_D12_L1_A000,6,110.735,24.486,-1189.027,110.735,-24.486,1189.027,60.452,-7.204,-2.077,정상
WELD_D12_L1_A000,7,103.552,25.355,-1189.72,103.552,-25.355,1189.72,67.604,-6.143,-2.818,정상
WELD_D12_L1_A000,8,92.321,31.194,-1189.631,92.321,-31.194,1189.631,78.619,-3.625,-8.525,정상
WELD_D12_L1_A000,9,89.028,30.625,-1191.516,89.028,-30.625,1191.516,81.944,-2.136,-7.319,정상
WELD_D12_L1_A000,10,74.424,27.648,-1195.156,74.424,-27.648,1195.156,96.67,0.005,-3.587,정상
WELD_D12_L1_A000,11,67.557,32.07,-1196.211,67.557,-32.07,1196.211,103.383,2.913,-7.371,정상
WELD_D12_L1_A000,12,63.45,28.545,-1198.392,63.45,-28.545,1198.392,107.629,3.409,-3.398,정상
WELD_D12_L1_A000,13,59.126,29.304,-1198.383,59.126,-29.304,1198.383,111.923,3.764,-4.24,정상
WELD_D12_L1_A000,14,48.162,29.311,-1197.979,48.162,-29.311,1197.979,122.876,3.497,-4.806,정상
WELD_D12_L1_A000,15,37.08,21.728,-1198.422,37.08,-21.728,1198.422,134.225,0.746,1.839,정상
WELD_D12_L1_A000,16,29.47,21.094,-1196.761,29.47,-21.094,1196.761,141.839,-0.96,1.432,정상
WELD_D12_L1_A000,17,10.785,22.51,-1192.581,10.785,-22.51,1192.581,160.432,-3.967,-2.296,정상
WELD_D12_L1_A000,18,-11.196,23.844,-1192.749,-11.196,-23.844,1192.749,182.352,-3.053,-4.204,정상
WELD_D12_L1_A000,19,-22.539,21.783,-1192.584,-22.539,-21.783,1192.584,193.759,-3.986,-2.814,정상
WELD_D12_L1_A000,20,-37.283,20.991,-1191.584,-37.283,-20.991,1191.584,208.515,-5.1,-3.047,정상
WELD_D12_L1_A000,21,-48.24,20.956,-1191.785,-48.24,-20.956,1191.785,219.467,-4.838,-3.316,정상
WELD_D12_L1_A000,22,-74.978,22.447,-1193.74,-74.978,-22.447,1193.74,246.148,-2.199,-4.768,정상
WELD_D12_L1_A000,23,-96.836,21.0,-1193.185,-96.836,-21.0,1193.185,268.04,-3.13,-4.47,정상
WELD_D12_L1_A000,24,-103.937,20.213,-1194.368,-103.937,-20.213,1194.368,275.173,-2.336,-3.503,정상
WELD_D12_L1_A000,25,-113.921,20.172,-1196.877,-113.921,-20.172,1196.877,285.17,0.0,-2.744,정상
WELD_D12_L1_A010,0,-104.596,17.824,-1188.54,-104.596,-17.824,1188.54,0.0,0.0,0.0,정상
WELD_D12_L1_A010,1,-96.078,20.731,-1184.761,-96.078,-20.731,1184.761,8.157,4.573,-2.799,정상
WELD_D12_L1_A010,2,-84.67,22.892,-1181.394,-84.67,-22.892,1181.394,19.168,9.213,-4.634,정상
WELD_D12_L1_A010,3,-77.336,23.028,-1180.59,-77.336,-23.028,1180.59,26.327,10.992,-4.413,정상
WELD_D12_L1_A010,4,-69.802,20.62,-1179.98,-69.802,-20.62,1179.98,33.514,12.88,-1.636,정상
WELD_D12_L1_A010,5,-59.139,19.901,-1179.918,-59.139,-19.901,1179.918,43.994,14.474,-0.276,정상
WELD_D12_L1_A010,6,-47.842,21.512,-1180.6,-47.842,-21.512,1180.6,55.374,15.172,-1.101,정상
WELD_D12_L1_A010,7,-44.174,23.571,-1180.574,-44.174,-23.571,1180.574,59.155,15.477,-2.92,정상
WELD_D12_L1_A010,8,-40.927,24.168,-1181.005,-40.927,-24.168,1181.005,62.466,15.432,-3.263,정상
WELD_D12_L1_A010,9,-29.691,23.662,-1183.278,-29.691,-23.662,1183.278,73.83,14.781,-1.807,정상
WELD_D12_L1_A010,10,-25.481,24.358,-1183.647,-25.481,-24.358,1183.647,78.093,14.918,-2.196,정상
WELD_D12_L1_A010,11,-18.85,23.858,-1184.609,-18.85,-23.858,1184.609,84.735,14.929,-1.182,정상
WELD_D12_L1_A010,12,-4.226,27.6,-1187.373,-4.226,-27.6,1187.373,99.836,13.802,-3.673,정상
WELD_D12_L1_A010,13,-0.14,27.608,-1188.923,-0.14,-27.608,1188.923,104.075,12.832,-3.249,정상
WELD_D12_L1_A010,14,11.3,30.499,-1194.042,11.3,-30.499,1194.042,116.267,9.043,-4.816,정상
WELD_D12_L1_A010,15,25.949,29.9,-1199.131,25.949,-29.9,1199.131,131.36,6.095,-2.731,정상
WELD_D12_L1_A010,16,33.357,30.183,-1200.812,33.357,-30.183,1200.812,138.923,5.421,-2.362,정상
WELD_D12_L1_A010,17,41.312,30.781,-1201.902,41.312,-30.781,1201.902,146.974,5.37,-2.34,정상
WELD_D12_L1_A010,18,59.909,31.496,-1202.584,59.909,-31.496,1202.584,165.504,7.159,-1.828,정상
WELD_D12_L1_A010,19,67.318,32.524,-1203.841,67.318,-32.524,1203.841,173.069,6.823,-2.247,정상
WELD_D12_L1_A010,20,71.322,33.954,-1205.088,71.322,-33.954,1205.088,177.298,5.988,-3.274,정상
WELD_D12_L1_A010,21,78.911,35.317,-1208.05,78.911,-35.317,1208.05,185.287,3.961,-3.815,정상
WELD_D12_L1_A010,22,90.838,36.357,-1211.159,90.838,-36.357,1211.159,197.559,2.415,-3.751,정상
WELD_D12_L1_A010,23,101.687,37.256,-1212.033,101.687,-37.256,1212.033,208.468,2.939,-3.876,정상
WELD_D12_L1_A010,24,111.036,36.381,-1211.246,111.036,-36.381,1211.246,217.543,5.085,-2.527,정상
WELD_D12_L1_A010,25,120.295,37.675,-1209.783,120.295,-37.675,1209.783,226.608,7.65,-3.412,정상
WELD_D12_L1_A010,26,131.696,37.157,-1211.021,131.696,-37.157,1211.021,238.001,8.043,-2.055,정상
WELD_D12_L1_A010,27,135.412,37.832,-1211.488,135.412,-37.832,1211.488,241.786,8.019,-2.442,정상
WELD_D12_L1_A010,28,139.593,37.164,-1212.816,139.593,-37.164,1212.816,246.04,7.353,-1.369,정상
WELD_D12_L1_A010,29,155.324,39.465,-1218.531,155.324,-39.465,1218.531,262.505,3.625,-2.019,정상
WELD_D12_L1_A010,30,163.018,39.684,-1221.479,163.018,-39.684,1221.479,270.509,1.749,-1.42,정상
WELD_D12_L1_A010,31,175.824,41.148,-1224.87,175.824,-41.148,1224.87,283.719,0.0,-1.692,정상
WELD_D12_L1_A020,0,-102.396,9.998,-1176.257,-102.396,-9.998,1176.257,0.0,0.0,0.0,정상
WELD_D12_L1_A020,1,-99.372,11.191,-1175.07,-99.372,-11.191,1175.07,2.811,-1.928,0.598,정상
WELD_D12_L1_A020,2,-93.002,12.257,-1174.264,-93.002,-12.257,1174.264,8.878,-4.28,0.433,정상
WELD_D12_L1_A020,3,-83.568,14.762,-1171.947,-83.568,-14.762,1171.947,17.761,-8.893,1.101,정상
WELD_D12_L1_A020,4,-58.216,19.855,-1172.272,-58.216,-19.855,1172.272,42.922,-14.865,1.275,정상
WELD_D12_L1_A020,5,-54.772,18.93,-1172.859,-54.772,-18.93,1172.859,46.174,-15.078,-0.29,정상
WELD_D12_L1_A020,6,-44.36,20.436,-1174.918,-44.36,-20.436,1174.918,56.866,-15.636,-0.796,정상
WELD_D12_L1_A020,7,-33.159,22.923,-1178.809,-33.159,-22.923,1178.809,68.938,-14.65,-0.493,정상
WELD_D12_L1_A020,8,-29.094,24.813,-1180.542,-29.094,-24.813,1180.542,73.58,-14.026,0.586,정상
WELD_D12_L1_A020,9,-11.126,27.554,-1188.213,-11.126,-27.554,1188.213,93.061,-11.001,-0.155,정상
WELD_D12_L1_A020,10,3.386,31.457,-1193.341,3.386,-31.457,1193.341,108.848,-9.67,0.907,정상
WELD_D12_L1_A020,11,23.108,36.739,-1203.605,23.108,-36.739,1203.605,131.099,-4.664,2.322,정상
WELD_D12_L1_A020,12,48.716,41.869,-1210.259,48.716,-41.869,1210.259,158.05,-4.559,2.473,정상
WELD_D12_L1_A020,13,56.639,42.329,-1213.226,56.639,-42.329,1213.226,166.401,-3.596,1.413,정상
WELD_D12_L1_A020,14,60.749,41.543,-1214.884,60.749,-41.543,1214.884,170.572,-2.935,-0.144,정상
WELD_D12_L1_A020,15,71.762,42.769,-1218.55,71.762,-42.769,1218.55,182.177,-2.066,-1.042,정상
WELD_D12_L1_A020,16,76.688,44.212,-1219.216,76.688,-44.212,1219.216,187.296,-2.662,-0.564,정상
WELD_D12_L1_A020,17,86.927,47.258,-1218.99,86.927,-47.258,1218.99,197.554,-5.464,0.478,정상
WELD_D12_L1_A020,18,91.112,47.822,-1217.568,91.112,-47.822,1217.568,201.298,-7.869,0.237,정상
WELD_D12_L1_A020,19,97.832,49.423,-1216.901,97.832,-49.423,1216.901,207.83,-10.194,0.531,정상
WELD_D12_L1_A020,20,101.834,50.669,-1215.679,101.834,-50.669,1215.679,211.574,-12.391,0.994,정상
WELD_D12_L1_A020,21,117.392,53.209,-1216.042,117.392,-53.209,1216.042,226.947,-15.871,0.526,정상
WELD_D12_L1_A020,22,121.365,54.021,-1217.068,121.365,-54.021,1217.068,231.129,-15.862,0.566,정상
WELD_D12_L1_A020,23,124.91,53.902,-1218.529,124.91,-53.902,1218.529,234.838,-15.286,-0.228,정상
WELD_D12_L1_A020,24,128.947,55.459,-1220.609,128.947,-55.459,1220.609,239.475,-14.303,0.529,정상
WELD_D12_L1_A020,25,136.46,56.882,-1224.417,136.46,-56.882,1224.417,247.819,-12.468,0.489,정상
WELD_D12_L1_A020,26,137.477,57.826,-1227.253,137.477,-57.826,1227.253,249.651,-10.003,1.218,정상
WELD_D12_L1_A020,27,150.869,60.486,-1235.629,150.869,-60.486,1235.629,264.932,-5.199,1.267,정상
WELD_D12_L1_A020,28,154.358,60.332,-1239.154,154.358,-60.332,1239.154,269.083,-2.606,0.446,정상
WELD_D12_L1_A020,29,162.87,60.293,-1243.936,162.87,-60.293,1243.936,278.343,-0.0,-1.22,정상
WELD_D12_L1_A030,0,-98.395,2.553,-1174.505,-98.395,-2.553,1174.505,0.0,0.0,0.0,정상
WELD_D12_L1_A030,1,-87.594,6.442,-1174.824,-87.594,-6.442,1174.824,10.96,3.383,0.569,정상
WELD_D12_L1_A030,2,-84.252,7.905,-1173.268,-84.252,-7.905,1173.268,13.907,6.037,0.597,정상
WELD_D12_L1_A030,3,-66.508,14.265,-1174.09,-66.508,-14.265,1174.09,31.998,11.306,1.542,정상
WELD_D12_L1_A030,4,-54.949,18.611,-1173.481,-54.949,-18.611,1173.481,43.485,15.855,2.034,정상
WELD_D12_L1_A030,5,-40.228,25.6,-1176.98,-40.228,-25.6,1176.98,60.004,17.86,1.09,정상
WELD_D12_L1_A030,6,-30.528,29.083,-1182.777,-30.528,-29.083,1182.777,71.625,15.69,1.312,정상
WELD_D12_L1_A030,7,-26.096,29.205,-1186.246,-26.096,-29.205,1186.246,76.688,13.67,2.723,정상
WELD_D12_L1_A030,8,-22.117,29.915,-1190.231,-22.117,-29.915,1190.231,81.723,11.139,3.389,정상
WELD_D12_L1_A030,9,-20.197,30.792,-1193.803,-20.197,-30.792,1193.803,84.874,8.45,3.129,정상
WELD_D12_L1_A030,10,-10.717,33.566,-1203.3,-10.717,-33.566,1203.3,97.251,2.602,3.72,정상
WELD_D12_L1_A030,11,3.604,40.219,-1214.377,3.604,-40.219,1214.377,115.752,-2.722,2.521,정상
WELD_D12_L1_A030,12,11.945,44.383,-1217.653,11.945,-44.383,1217.653,125.601,-2.772,1.729,정상
WELD_D12_L1_A030,13,33.171,50.067,-1223.631,33.171,-50.067,1223.631,148.186,-1.519,4.363,정상
WELD_D12_L1_A030,14,57.557,63.782,-1228.748,57.557,-63.782,1228.748,176.078,2.814,0.867,정상
WELD_D12_L1_A030,15,68.693,68.371,-1232.703,68.693,-68.371,1232.703,188.753,2.975,0.724,정상
WELD_D12_L1_A030,16,73.32,69.231,-1235.035,73.32,-69.231,1235.035,193.877,2.211,1.592,정상
WELD_D12_L1_A030,17,84.273,73.418,-1239.789,84.273,-73.418,1239.789,206.509,1.496,1.706,정상
WELD_D12_L1_A030,18,92.146,76.412,-1243.969,92.146,-76.412,1243.969,215.831,0.26,1.762,정상
WELD_D12_L1_A030,19,93.352,77.987,-1244.765,93.352,-77.987,1244.765,217.699,0.116,0.733,정상
WELD_D12_L1_A030,20,108.839,82.319,-1253.996,108.839,-82.319,1253.996,235.817,-3.538,2.222,정상
WELD_D12_L1_A030,21,113.403,84.484,-1256.536,113.403,-84.484,1256.536,241.409,-4.291,1.852,정상
WELD_D12_L1_A030,22,116.022,84.588,-1257.925,116.022,-84.588,1257.925,244.197,-4.855,2.692,정상
WELD_D12_L1_A030,23,125.059,89.008,-1260.605,125.059,-89.008,1260.605,254.555,-4.104,1.964,정상
WELD_D12_L1_A030,24,137.26,95.37,-1261.702,137.26,-95.37,1261.702,267.862,-0.641,0.755,정상
WELD_D12_L1_A030,25,148.895,100.375,-1265.373,148.895,-100.375,1265.373,281.03,-0.0,0.437,정상
WELD_D12_L1_A040,0,-97.341,-23.356,-1156.617,-97.341,23.356,1156.617,0.0,0.0,0.0,정상
WELD_D12_L1_A040,1,-82.635,-14.32,-1163.222,-82.635,14.32,1163.222,18.365,-2.064,-0.048,정상
WELD_D12_L1_A040,2,-73.334,-10.229,-1166.641,-73.334,10.229,1166.641,28.923,-3.208,-1.516,정상
WELD_D12_L1_A040,3,-62.369,-1.533,-1168.827,-62.369,1.533,1168.827,42.228,-8.022,-0.868,정상
WELD_D12_L1_A040,4,-52.22,6.921,-1173.665,-52.22,-6.921,1173.665,56.002,-10.307,0.845,정상
WELD_D12_L1_A040,5,-40.228,12.461,-1183.247,-40.228,-12.461,1183.247,72.086,-7.553,0.641,정상
WELD_D12_L1_A040,6,-26.711,17.341,-1192.881,-26.711,-17.341,1192.881,89.086,-4.758,-0.95,정상
WELD_D12_L1_A040,7,-2.985,29.988,-1207.918,-2.985,-29.988,1207.918,119.862,-3.445,-1.216,정상
WELD_D12_L1_A040,8,-1.234,30.436,-1209.555,-1.234,-30.436,1209.555,122.161,-2.665,-1.449,정상
WELD_D12_L1_A040,9,3.151,33.874,-1212.908,3.151,-33.874,1212.908,128.593,-2.482,-0.506,정상
WELD_D12_L1_A040,10,7.669,35.124,-1216.126,7.669,-35.124,1216.126,134.107,-1.362,-1.325,정상
WELD_D12_L1_A040,11,10.876,37.423,-1218.545,10.876,-37.423,1218.545,138.701,-1.15,-0.807,정상
WELD_D12_L1_A040,12,14.295,38.427,-1220.841,14.295,-38.427,1220.841,142.836,-0.448,-1.422,정상
WELD_D12_L1_A040,13,26.213,44.705,-1227.8,26.213,-44.705,1227.8,157.993,-0.253,-1.784,정상
WELD_D12_L1_A040,14,29.879,48.065,-1229.418,29.879,-48.065,1229.418,163.043,-1.338,-0.972,정상
WELD_D12_L1_A040,15,37.636,52.791,-1232.84,37.636,-52.791,1232.84,172.684,-2.46,-1.045,정상
WELD_D12_L1_A040,16,49.111,58.26,-1237.282,49.111,-58.26,1237.282,185.997,-3.891,-2.475,정상
WELD_D12_L1_A040,17,65.413,68.941,-1243.612,65.413,-68.941,1243.612,206.195,-7.343,-2.315,정상
WELD_D12_L1_A040,18,74.061,74.205,-1248.03,74.061,-74.205,1248.03,217.216,-8.084,-2.226,정상
WELD_D12_L1_A040,19,89.196,84.48,-1259.807,89.196,-84.48,1259.807,238.811,-6.495,-0.109,정상
WELD_D12_L1_A040,20,94.571,87.205,-1266.217,94.571,-87.205,1266.217,247.089,-3.598,0.591,정상
WELD_D12_L1_A040,21,103.577,91.749,-1272.751,103.577,-91.749,1272.751,259.034,-2.277,0.535,정상
WELD_D12_L1_A040,22,112.202,95.021,-1280.158,112.202,-95.021,1280.158,270.524,0.49,0.001,정상
WELD_D12_L1_A040,23,115.591,97.624,-1281.969,115.591,-97.624,1281.969,275.116,0.0,0.464,정상
WELD_D12_L1_A050,0,112.94,107.077,-1294.3,112.94,-107.077,1294.3,0.0,0.0,0.0,정상
WELD_D12_L1_A050,1,109.462,104.08,-1290.852,109.462,-104.08,1290.852,5.708,-0.356,0.515,정상
WELD_D12_L1_A050,2,100.422,99.737,-1282.38,100.422,-99.737,1282.38,18.562,-2.784,-0.584,정상
WELD_D12_L1_A050,3,94.483,96.653,-1277.711,94.483,-96.653,1277.711,26.647,-3.529,-1.391,정상
WELD_D12_L1_A050,4,86.3,93.91,-1272.035,86.3,-93.91,1272.035,36.635,-4.777,-3.714,정상
WELD_D12_L1_A050,5,83.671,91.133,-1269.987,83.671,-91.133,1269.987,40.909,-4.315,-3.131,정상
WELD_D12_L1_A050,6,77.363,86.998,-1264.998,77.363,-86.998,1264.998,49.941,-4.658,-3.406,정상
WELD_D12_L1_A050,7,70.603,79.467,-1257.502,70.603,-79.467,1257.502,62.307,-5.049,-1.052,정상
WELD_D12_L1_A050,8,61.214,73.358,-1246.637,61.214,-73.358,1246.637,77.551,-8.353,-0.572,정상
WELD_D12_L1_A050,9,49.995,69.397,-1231.559,49.995,-69.397,1231.559,95.211,-15.826,-1.672,정상
WELD_D12_L1_A050,10,45.973,67.586,-1226.772,45.973,-67.586,1226.772,101.409,-17.792,-1.97,정상
WELD_D12_L1_A050,11,41.203,64.474,-1222.407,41.203,-64.474,1222.407,108.545,-18.536,-2.029,정상
WELD_D12_L1_A050,12,33.413,55.166,-1218.904,33.413,-55.166,1218.904,120.388,-14.507,-0.268,정상
WELD_D12_L1_A050,13,30.104,52.399,-1217.747,30.104,-52.399,1217.747,124.651,-13.182,-0.401,정상
WELD_D12_L1_A050,14,23.034,44.442,-1216.548,23.034,-44.442,1216.548,134.105,-8.201,0.34,정상
WELD_D12_L1_A050,15,17.835,41.849,-1213.163,17.835,-41.849,1213.163,140.758,-8.348,-0.626,정상
WELD_D12_L1_A050,16,11.782,37.508,-1209.861,11.782,-37.508,1209.861,148.824,-7.276,-1.038,정상
WELD_D12_L1_A050,17,3.666,32.406,-1203.637,3.666,-32.406,1203.637,160.233,-7.681,-1.589,정상
WELD_D12_L1_A050,18,-12.108,22.008,-1188.035,-12.108,-22.008,1188.035,184.506,-11.024,-1.401,정상
WELD_D12_L1_A050,19,-18.67,15.533,-1182.905,-18.67,-15.533,1182.905,194.955,-10.136,-0.248,정상
WELD_D12_L1_A050,20,-25.718,9.787,-1178.629,-25.718,-9.787,1178.629,204.922,-8.854,-0.148,정상
WELD_D12_L1_A050,21,-37.077,1.613,-1174.193,-37.077,-1.613,1174.193,219.14,-5.41,-1.372,정상
WELD_D12_L1_A050,22,-51.178,-10.323,-1166.985,-51.178,10.323,1166.985,238.584,-1.52,-1.238,정상
WELD_D12_L1_A050,23,-54.459,-12.849,-1164.646,-54.459,12.849,1164.646,243.334,-1.286,-1.198,정상
WELD_D12_L1_A050,24,-62.339,-16.762,-1158.788,-62.339,16.762,1158.788,253.795,-2.103,-2.479,정상
WELD_D12_L1_A050,25,-70.514,-21.967,-1151.828,-70.514,21.967,1151.828,265.685,-3.03,-2.806,정상
WELD_D12_L1_A050,26,-82.663,-34.592,-1143.616,-82.663,34.592,1143.616,284.668,-0.0,-0.589,정상
WELD_D12_L1_A130,0,-43.585,100.814,-1266.446,-43.585,-100.814,1266.446,0.0,0.0,0.0,정상
WELD_D12_L1_A130,1,-28.854,88.924,-1252.112,-28.854,-88.924,1252.112,23.431,-3.749,-0.879,정상
WELD_D12_L1_A130,2,-22.453,85.604,-1245.996,-22.453,-85.604,1245.996,32.504,-6.291,-0.095,정상
WELD_D12_L1_A130,3,-7.747,74.478,-1233.41,-7.747,-74.478,1233.41,54.665,-9.006,0.005,정상
WELD_D12_L1_A130,4,0.929,69.327,-1225.372,0.929,-69.327,1225.372,67.217,-11.887,0.745,정상
WELD_D12_L1_A130,5,3.495,65.821,-1224.82,3.495,-65.821,1224.82,71.209,-10.143,0.301,정상
WELD_D12_L1_A130,6,11.604,57.743,-1221.891,11.604,-57.743,1221.891,82.664,-7.249,0.38,정상
WELD_D12_L1_A130,7,18.905,48.839,-1221.418,18.905,-48.839,1221.418,92.898,-1.957,0.105,정상
WELD_D12_L1_A130,8,26.572,43.289,-1217.721,26.572,-43.289,1217.721,102.969,-1.13,1.178,정상
WELD_D12_L1_A130,9,34.82,37.899,-1212.877,34.82,-37.899,1212.877,113.876,-1.277,2.426,정상
WELD_D12_L1_A130,10,38.837,31.851,-1210.084,38.837,-31.851,1210.084,121.348,0.157,0.804,정상
WELD_D12_L1_A130,11,43.312,27.428,-1206.107,43.312,-27.428,1206.107,128.753,-0.226,0.154,정상
WELD_D12_L1_A130,12,49.174,21.233,-1199.825,49.174,-21.233,1199.825,139.184,-1.399,-1.268,정상
WELD_D12_L1_A130,13,55.923,17.32,-1191.33,55.923,-17.32,1191.33,149.942,-5.554,-1.314,정상
WELD_D12_L1_A130,14,62.429,12.755,-1184.109,62.429,-12.755,1184.109,160.316,-8.323,-1.551,정상
WELD_D12_L1_A130,15,65.795,11.379,-1180.521,65.795,-11.379,1180.521,165.049,-10.17,-1.025,정상
WELD_D12_L1_A130,16,72.867,6.81,-1174.061,72.867,-6.81,1174.061,175.449,-12.24,-0.621,정상
WELD_D12_L1_A130,17,83.481,-1.453,-1165.069,83.481,1.453,1165.069,191.534,-13.997,-0.663,정상
WELD_D12_L1_A130,18,93.024,-6.647,-1157.367,93.024,6.647,1157.367,204.539,-16.477,0.784,정상
WELD_D12_L1_A130,19,100.655,-13.048,-1151.936,100.655,13.048,1151.936,215.882,-16.63,0.785,정상
WELD_D12_L1_A130,20,110.756,-22.925,-1145.794,110.756,22.925,1145.794,231.21,-15.199,0.241,정상
WELD_D12_L1_A130,21,118.091,-30.066,-1143.414,118.091,30.066,1143.414,241.351,-12.448,0.495,정상
WELD_D12_L1_A130,22,121.578,-33.62,-1143.276,121.578,33.62,1143.276,245.798,-10.229,0.819,정상
WELD_D12_L1_A130,23,125.239,-39.229,-1143.899,125.239,39.229,1143.899,251.182,-6.236,0.241,정상
WELD_D12_L1_A130,24,127.297,-42.904,-1145.48,127.297,42.904,1145.48,253.931,-2.686,-0.031,정상
WELD_D12_L1_A130,25,132.425,-48.874,-1144.093,132.425,48.874,1144.093,261.45,0.0,-0.369,정상
WELD_D12_L1_A140,0,133.289,-37.323,-1150.507,133.289,37.323,1150.507,0.0,0.0,0.0,정상
WELD_D12_L1_A140,1,127.283,-32.531,-1151.851,127.283,32.531,1151.851,7.458,-2.214,0.557,정상
WELD_D12_L1_A140,2,118.482,-26.631,-1154.561,118.482,26.631,1154.561,18.158,-4.173,1.69,정상
WELD_D12_L1_A140,3,108.258,-19.685,-1158.917,108.258,19.685,1158.917,31.169,-5.578,2.397,정상
WELD_D12_L1_A140,4,101.388,-12.081,-1159.919,101.388,12.081,1159.919,40.518,-9.878,2.032,정상
WELD_D12_L1_A140,5,99.629,-8.709,-1158.534,99.629,8.709,1158.534,42.892,-13.15,1.858,정상
WELD_D12_L1_A140,6,86.416,3.889,-1161.129,86.416,-3.889,1161.129,60.163,-19.612,2.041,정상
WELD_D12_L1_A140,7,83.508,5.697,-1162.584,83.508,-5.697,1162.584,63.875,-19.738,2.24,정상
WELD_D12_L1_A140,8,78.542,8.13,-1166.109,78.542,-8.13,1166.109,70.352,-18.736,2.488,정상
WELD_D12_L1_A140,9,73.135,10.109,-1171.432,73.135,-10.109,1171.432,77.728,-16.075,2.465,정상
WELD_D12_L1_A140,10,65.667,11.872,-1179.719,65.667,-11.872,1179.719,87.847,-11.062,2.575,정상
WELD_D12_L1_A140,11,57.976,15.152,-1186.023,57.976,-15.152,1186.023,98.009,-8.549,2.854,정상
WELD_D12_L1_A140,12,54.104,15.242,-1189.765,54.104,-15.242,1189.765,102.601,-5.85,3.651,정상
WELD_D12_L1_A140,13,40.792,20.427,-1200.102,40.792,-20.427,1200.102,119.69,-1.628,4.689,정상
WELD_D12_L1_A140,14,31.014,27.275,-1206.312,31.014,-27.275,1206.312,133.14,-1.531,4.303,정상
WELD_D12_L1_A140,15,23.368,33.687,-1210.367,23.368,-33.687,1210.367,143.829,-2.746,3.747,정상
WELD_D12_L1_A140,16,9.371,49.23,-1214.649,9.371,-49.23,1214.649,163.894,-9.814,1.943,정상
WELD_D12_L1_A140,17,7.76,51.608,-1214.566,7.76,-51.608,1214.566,166.241,-11.448,1.655,정상
WELD_D12_L1_A140,18,4.066,55.136,-1215.953,4.066,-55.136,1215.953,171.365,-12.748,1.397,정상
WELD_D12_L1_A140,19,-15.436,69.568,-1224.618,-15.436,-69.568,1224.618,196.928,-15.91,1.885,정상
WELD_D12_L1_A140,20,-22.719,73.732,-1229.631,-22.719,-73.732,1229.631,206.652,-14.941,1.969,정상
WELD_D12_L1_A140,21,-34.789,79.024,-1239.853,-34.789,-79.024,1239.853,222.816,-10.837,2.171,정상
WELD_D12_L1_A140,22,-42.393,80.465,-1248.26,-42.393,-80.465,1248.26,232.931,-5.53,2.505,정상
WELD_D12_L1_A140,23,-47.381,82.982,-1253.695,-47.381,-82.982,1253.695,240.312,-3.114,1.837,정상
WELD_D12_L1_A140,24,-55.049,88.775,-1259.394,-55.049,-88.775,1259.394,251.437,-2.67,0.903,정상
WELD_D12_L1_A140,25,-74.623,100.22,-1273.164,-74.623,-100.22,1273.164,277.829,0.0,0.842,정상
WELD_D12_L1_A150,0,132.843,-36.622,-1164.46,132.843,36.622,1164.46,0.0,0.0,0.0,정상
WELD_D12_L1_A150,1,118.696,-27.362,-1165.894,118.696,27.362,1165.894,16.353,4.504,0.488,정상
WELD_D12_L1_A150,2,116.093,-24.518,-1165.923,116.093,24.518,1165.923,19.729,6.196,1.267,정상
WELD_D12_L1_A150,3,109.462,-19.891,-1167.924,109.462,19.891,1167.924,27.895,7.405,2.38,정상
WELD_D12_L1_A150,4,94.674,-14.641,-1175.648,94.674,14.641,1175.648,45.129,4.474,2.94,정상
WELD_D12_L1_A150,5,91.037,-14.207,-1177.259,91.037,14.207,1177.259,48.954,3.48,2.321,정상
WELD_D12_L1_A150,6,85.295,-11.415,-1179.356,85.295,11.415,1179.356,55.669,3.514,2.61,정상
WELD_D12_L1_A150,7,82.904,-6.1,-1178.515,82.904,6.1,1178.515,59.547,7.367,4.799,정상
WELD_D12_L1_A150,8,77.437,-3.001,-1179.444,77.437,3.001,1179.444,65.794,8.521,4.84,정상
WELD_D12_L1_A150,9,63.175,5.509,-1179.895,63.175,-5.509,1179.895,81.671,13.375,4.235,정상
WELD_D12_L1_A150,10,58.665,4.535,-1180.725,58.665,-4.535,1180.725,85.494,12.188,1.795,정상
WELD_D12_L1_A150,11,45.373,9.779,-1183.281,45.373,-9.779,1183.281,99.893,13.401,0.419,정상
WELD_D12_L1_A150,12,40.285,11.609,-1185.296,40.285,-11.609,1185.296,105.643,12.925,0.299,정상
WELD_D12_L1_A150,13,36.584,12.55,-1187.678,36.584,-12.55,1187.678,109.945,11.609,0.404,정상
WELD_D12_L1_A150,14,26.335,17.548,-1193.008,26.335,-17.548,1193.008,122.402,10.4,1.745,정상
WELD_D12_L1_A150,15,25.097,18.796,-1194.215,25.097,-18.796,1194.215,124.318,10.181,2.654,정상
WELD_D12_L1_A150,16,21.93,20.716,-1195.341,21.93,-20.716,1195.341,128.158,10.45,3.068,정상
WELD_D12_L1_A150,17,-7.103,32.263,-1204.724,-7.103,-32.263,1204.724,160.765,10.09,2.079,정상
WELD_D12_L1_A150,18,-18.996,35.545,-1209.011,-18.996,-35.545,1209.011,173.698,8.728,0.874,정상
WELD_D12_L1_A150,19,-26.967,37.883,-1213.143,-26.967,-37.883,1213.143,182.791,6.883,0.81,정상
WELD_D12_L1_A150,20,-33.949,40.928,-1216.093,-33.949,-40.928,1216.093,190.939,6.396,1.12,정상
WELD_D12_L1_A150,21,-41.627,45.022,-1218.895,-41.627,-45.022,1218.895,200.054,6.657,1.761,정상
WELD_D12_L1_A150,22,-46.335,46.346,-1221.054,-46.335,-46.346,1221.054,205.319,5.761,1.538,정상
WELD_D12_L1_A150,23,-52.859,50.158,-1222.792,-52.859,-50.158,1222.792,213.003,6.699,1.99,정상
WELD_D12_L1_A150,24,-61.708,53.505,-1226.302,-61.708,-53.505,1226.302,223.066,5.963,1.901,정상
WELD_D12_L1_A150,25,-72.249,58.732,-1230.502,-72.249,-58.732,1230.502,235.533,5.805,2.684,정상
WELD_D12_L1_A150,26,-85.132,62.631,-1235.911,-85.132,-62.631,1235.911,249.9,3.916,2.014,정상
WELD_D12_L1_A150,27,-88.313,64.664,-1236.856,-88.313,-64.664,1236.856,253.742,4.398,2.408,정상
WELD_D12_L1_A150,28,-97.784,67.807,-1240.402,-97.784,-67.807,1240.402,264.283,3.52,1.893,정상
WELD_D12_L1_A150,29,-117.344,75.283,-1250.567,-117.344,-75.283,1250.567,287.266,-0.0,2.984,정상
WELD_D12_L1_A160,0,137.488,-20.73,-1167.088,137.488,20.73,1167.088,0.0,0.0,0.0,정상
WELD_D12_L1_A160,1,127.409,-19.518,-1162.729,127.409,19.518,1162.729,8.76,-6.732,-0.018,정상
WELD_D12_L1_A160,2,120.002,-18.193,-1160.449,120.002,18.193,1160.449,15.529,-10.73,-0.205,정상
WELD_D12_L1_A160,3,115.136,-16.837,-1158.068,115.136,16.837,1158.068,19.911,-14.095,-1.01,정상
WELD_D12_L1_A160,4,111.253,-15.105,-1156.943,111.253,15.105,1156.943,23.765,-15.932,-2.068,정상
WELD_D12_L1_A160,5,97.625,-11.029,-1158.648,97.625,11.029,1158.648,38.008,-17.43,-2.46,정상
WELD_D12_L1_A160,6,73.115,-3.51,-1167.03,73.115,3.51,1167.03,64.874,-15.092,-1.997,정상
WELD_D12_L1_A160,7,49.991,-1.519,-1177.265,49.991,1.519,1177.265,89.32,-11.65,3.835,정상
WELD_D12_L1_A160,8,47.045,-0.689,-1178.622,47.045,0.689,1178.622,92.607,-11.053,4.049,정상
WELD_D12_L1_A160,9,33.361,6.797,-1183.665,33.361,-6.797,1183.665,108.61,-8.792,1.303,정상
WELD_D12_L1_A160,10,26.076,9.088,-1186.2,26.076,-9.088,1186.2,116.621,-8.046,1.399,정상
WELD_D12_L1_A160,11,18.859,10.078,-1188.578,18.859,-10.078,1188.578,124.169,-7.67,2.666,정상
WELD_D12_L1_A160,12,15.951,9.634,-1189.643,15.951,-9.634,1189.643,126.999,-7.575,3.997,정상
WELD_D12_L1_A160,13,2.937,14.559,-1192.6,2.937,-14.559,1192.6,141.188,-7.565,2.986,정상
WELD_D12_L1_A160,14,-4.272,17.607,-1194.58,-4.272,-17.607,1194.58,149.215,-7.177,2.211,정상
WELD_D12_L1_A160,15,-7.773,20.354,-1195.513,-7.773,-20.354,1195.513,153.461,-6.78,0.635,정상
WELD_D12_L1_A160,16,-25.346,27.212,-1200.163,-25.346,-27.212,1200.163,172.828,-6.109,-0.759,정상
WELD_D12_L1_A160,17,-29.619,27.69,-1200.834,-29.619,-27.69,1200.834,177.1,-6.599,-0.095,정상
WELD_D12_L1_A160,18,-39.063,30.826,-1202.059,-39.063,-30.826,1202.059,187.067,-7.539,-0.649,정상
WELD_D12_L1_A160,19,-41.534,30.977,-1202.211,-41.534,-30.977,1202.211,189.45,-8.068,-0.206,정상
WELD_D12_L1_A160,20,-52.598,34.628,-1204.394,-52.598,-34.628,1204.394,201.288,-8.471,-0.644,정상
WELD_D12_L1_A160,21,-62.621,36.257,-1207.022,-62.621,-36.257,1207.022,211.69,-8.537,0.704,정상
WELD_D12_L1_A160,22,-72.42,36.84,-1209.765,-72.42,-36.84,1209.765,221.616,-8.626,3.017,정상
WELD_D12_L1_A160,23,-78.084,38.689,-1211.271,-78.084,-38.689,1211.271,227.758,-8.47,2.909,정상
WELD_D12_L1_A160,24,-86.399,42.34,-1214.117,-86.399,-42.34,1214.117,237.182,-7.469,2.031,정상
WELD_D12_L1_A160,25,-94.319,48.536,-1217.402,-94.319,-48.536,1217.402,247.048,-5.468,-1.22,정상
WELD_D12_L1_A160,26,-95.246,50.859,-1218.841,-95.246,-50.859,1218.841,248.888,-3.944,-2.838,정상
WELD_D12_L1_A160,27,-108.209,55.179,-1224.446,-108.209,-55.179,1224.446,263.458,-1.541,-2.618,정상
WELD_D12_L1_A160,28,-118.34,56.658,-1228.666,-118.34,-56.658,1228.666,274.278,-0.168,-0.702,정상
WELD_D12_L1_A160,29,-126.904,58.194,-1231.121,-126.904,-58.194,1231.121,283.253,0.0,0.368,정상
WELD_D12_L1_A170,0,140.375,0.234,-1188.828,140.375,-0.234,1188.828,0.0,0.0,0.0,정상
WELD_D12_L1_A170,1,126.151,3.987,-1188.302,126.151,-3.987,1188.302,14.518,-1.564,-1.859,정상
WELD_D12_L1_A170,2,114.177,6.117,-1188.235,114.177,-6.117,1188.235,26.615,-2.735,-2.345,정상
WELD_D12_L1_A170,3,99.45,6.356,-1188.163,99.45,-6.356,1188.163,41.116,-4.671,-0.645,정상
WELD_D12_L1_A170,4,92.446,5.769,-1187.853,92.446,-5.769,1187.853,47.876,-6.008,0.777,정상
WELD_D12_L1_A170,5,85.039,6.552,-1186.153,85.039,-6.552,1186.153,55.112,-8.453,0.611,정상
WELD_D12_L1_A170,6,73.508,8.432,-1185.977,73.508,-8.432,1185.977,66.722,-9.725,0.282,정상
WELD_D12_L1_A170,7,70.163,9.589,-1185.052,70.163,-9.589,1185.052,70.102,-10.811,-0.604,정상
WELD_D12_L1_A170,8,58.963,10.592,-1184.587,58.963,-10.592,1184.587,81.221,-12.506,-0.197,정상
WELD_D12_L1_A170,9,48.234,12.102,-1182.981,48.234,-12.102,1182.981,91.846,-15.137,-0.603,정상
WELD_D12_L1_A170,10,40.34,11.738,-1183.36,40.34,-11.738,1183.36,99.581,-15.875,0.879,정상
WELD_D12_L1_A170,11,29.79,11.926,-1186.123,29.79,-11.926,1186.123,110.248,-14.533,2.726,정상
WELD_D12_L1_A170,12,25.537,11.81,-1188.316,25.537,-11.81,1188.316,114.622,-12.989,3.904,정상
WELD_D12_L1_A170,13,18.6,13.669,-1190.088,18.6,-13.669,1190.088,121.904,-11.78,3.436,정상
WELD_D12_L1_A170,14,14.463,14.459,-1191.999,14.463,-14.459,1191.999,126.281,-10.301,3.659,정상
WELD_D12_L1_A170,15,7.678,16.963,-1194.365,7.678,-16.963,1194.365,133.574,-8.36,2.685,정상
WELD_D12_L1_A170,16,0.182,18.903,-1195.225,0.182,-18.903,1195.225,141.33,-8.091,2.003,정상
WELD_D12_L1_A170,17,-4.152,18.951,-1196.204,-4.152,-18.951,1196.204,145.691,-7.697,2.754,정상
WELD_D12_L1_A170,18,-7.798,20.91,-1196.054,-7.798,-20.91,1196.054,149.569,-7.9,1.313,정상
WELD_D12_L1_A170,19,-22.523,23.993,-1196.599,-22.523,-23.993,1196.599,164.578,-8.634,0.412,정상
WELD_D12_L1_A170,20,-37.495,24.886,-1198.18,-37.495,-24.886,1198.18,179.586,-8.863,1.894,정상
WELD_D12_L1_A170,21,-48.494,27.356,-1197.422,-48.494,-27.356,1197.422,190.71,-10.504,0.792,정상
WELD_D12_L1_A170,22,-56.07,30.559,-1195.145,-56.07,-30.559,1195.145,198.438,-13.014,-1.817,정상
WELD_D12_L1_A170,23,-63.201,32.351,-1194.81,-63.201,-32.351,1194.81,205.696,-13.886,-2.68,정상
WELD_D12_L1_A170,24,-70.959,32.892,-1195.145,-70.959,-32.892,1195.145,213.436,-14.457,-2.099,정상
WELD_D12_L1_A170,25,-74.795,32.84,-1196.369,-74.795,-32.84,1196.369,217.317,-13.783,-1.26,정상
WELD_D12_L1_A170,26,-86.066,34.733,-1199.133,-86.066,-34.733,1199.133,228.961,-12.171,-0.961,정상
WELD_D12_L1_A170,27,-93.817,36.597,-1202.829,-93.817,-36.597,1202.829,237.231,-9.204,-0.885,정상
WELD_D12_L1_A170,28,-109.12,39.84,-1207.725,-109.12,-39.84,1207.725,253.258,-5.766,-0.866,정상
WELD_D12_L1_A170,29,-113.33,40.599,-1208.867,-113.33,-40.599,1208.867,257.626,-5.047,-0.778,정상
WELD_D12_L1_A170,30,-124.868,40.797,-1211.564,-124.868,-40.797,1211.564,269.258,-3.896,1.175,정상
WELD_D12_L1_A170,31,-131.904,41.754,-1213.791,-131.904,-41.754,1213.791,276.54,-2.451,1.694,정상
WELD_D12_L1_A170,32,-135.962,43.235,-1215.392,-135.962,-43.235,1215.392,280.917,-1.114,1.17,정상
WELD_D12_L1_A170,33,-144.889,44.812,-1217.397,-144.889,-44.812,1217.397,290.134,-0.0,1.29,정상
WELD_D12_L2_A000,0,176.143,21.822,-1203.401,176.143,-21.822,1203.401,0.0,0.0,0.0,정상
WELD_D12_L2_A000,1,171.822,20.291,-1201.826,171.822,-20.291,1201.826,4.305,1.657,-1.486,정상
WELD_D12_L2_A000,2,164.173,18.762,-1197.797,164.173,-18.762,1197.797,11.975,5.716,-2.821,정상
WELD_D12_L2_A000,3,148.537,20.945,-1194.209,148.537,-20.945,1194.209,27.712,8.882,-0.709,정상
WELD_D12_L2_A000,4,137.637,22.452,-1194.266,137.637,-22.452,1194.266,38.643,8.543,0.508,정상
WELD_D12_L2_A000,5,133.813,21.696,-1194.072,133.813,-21.696,1194.072,42.45,8.76,-0.324,정상
WELD_D12_L2_A000,6,122.398,21.696,-1193.875,122.398,-21.696,1193.875,53.863,8.81,-0.596,정상
WELD_D12_L2_A000,7,114.749,20.205,-1194.642,114.749,-20.205,1194.642,61.462,8.09,-2.347,정상
WELD_D12_L2_A000,8,108.092,20.301,-1195.695,108.092,-20.301,1195.695,68.102,6.949,-2.52,정상
WELD_D12_L2_A000,9,97.193,21.843,-1198.503,97.193,-21.843,1198.503,78.992,3.869,-1.528,정상
WELD_D12_L2_A000,10,86.329,24.7,-1201.133,86.329,-24.7,1201.133,89.881,0.842,0.789,정상
WELD_D12_L2_A000,11,74.935,25.498,-1201.218,74.935,-25.498,1201.218,101.288,0.537,1.286,정상
WELD_D12_L2_A000,12,67.329,25.628,-1200.802,67.329,-25.628,1200.802,108.901,0.842,1.26,정상
WELD_D12_L2_A000,13,55.832,22.521,-1200.001,55.832,-22.521,1200.001,120.33,1.787,-2.049,정상
WELD_D12_L2_A000,14,44.836,20.36,-1200.393,44.836,-20.36,1200.393,131.263,1.462,-4.516,정상
WELD_D12_L2_A000,15,29.675,22.569,-1200.797,29.675,-22.569,1200.797,146.466,0.658,-2.743,정상
WELD_D12_L2_A000,16,18.775,24.036,-1200.024,18.775,-24.036,1200.024,157.409,1.149,-1.487,정상
WELD_D12_L2_A000,17,-0.25,24.025,-1197.591,-0.25,-24.025,1197.591,176.462,3.33,-1.754,정상
WELD_D12_L2_A000,18,-26.311,27.693,-1195.6,-26.311,-27.693,1195.6,202.631,4.633,1.42,정상
WELD_D12_L2_A000,19,-41.054,27.725,-1195.794,-41.054,-27.725,1195.794,217.366,4.249,1.059,정상
WELD_D12_L2_A000,20,-48.665,27.699,-1197.195,-48.665,-27.699,1197.195,224.952,2.761,0.706,정상
WELD_D12_L2_A000,21,-67.212,27.783,-1197.797,-67.212,-27.783,1197.797,243.484,1.917,0.261,정상
WELD_D12_L2_A000,22,-74.844,26.932,-1196.379,-74.844,-26.932,1196.379,251.114,3.313,-0.647,정상
WELD_D12_L2_A000,23,-85.307,26.941,-1195.413,-85.307,-26.941,1195.413,261.587,4.14,-0.813,정상
WELD_D12_L2_A000,24,-92.955,25.461,-1195.505,-92.955,-25.461,1195.505,269.196,4.091,-2.489,정상
WELD_D12_L2_A000,25,-100.545,26.249,-1196.911,-100.545,-26.249,1196.911,276.78,2.52,-2.031,정상
WELD_D12_L2_A000,26,-108.628,26.363,-1199.329,-108.628,-26.363,1199.329,284.826,0.0,-2.352,정상
WELD_D12_L2_A010,0,180.561,37.314,-1232.602,180.561,-37.314,1232.602,0.0,0.0,0.0,정상
WELD_D12_L2_A010,1,172.01,35.269,-1230.21,172.01,-35.269,1230.21,8.947,0.074,1.718,정상
WELD_D12_L2_A010,2,164.175,33.003,-1226.232,164.175,-33.003,1226.232,17.449,-0.963,4.72,정상
WELD_D12_L2_A010,3,155.676,33.793,-1221.922,155.676,-33.793,1221.922,26.417,-4.184,5.508,정상
WELD_D12_L2_A010,4,139.65,35.007,-1216.752,139.65,-35.007,1216.752,42.9,-7.834,5.335,정상
WELD_D12_L2_A010,5,131.368,37.408,-1216.802,131.368,-37.408,1216.802,50.867,-8.798,2.179,정상
WELD_D12_L2_A010,6,125.127,38.047,-1216.84,125.127,-38.047,1216.84,56.961,-8.769,0.688,정상
WELD_D12_L2_A010,7,113.755,36.445,-1217.363,113.755,-36.445,1217.363,68.211,-6.58,-0.216,정상
WELD_D12_L2_A010,8,105.957,33.584,-1216.841,105.957,-33.584,1216.841,76.195,-4.608,1.058,정상
WELD_D12_L2_A010,9,98.643,31.839,-1215.65,98.643,-31.839,1215.65,83.718,-3.898,1.984,정상
WELD_D12_L2_A010,10,94.064,31.744,-1214.412,94.064,-31.744,1214.412,88.425,-4.473,2.118,정상
WELD_D12_L2_A010,11,80.817,29.592,-1211.631,80.817,-29.592,1211.631,102.068,-4.315,3.424,정상
WELD_D12_L2_A010,12,67.406,26.63,-1210.468,67.406,-26.63,1210.468,115.689,-2.392,4.297,정상
WELD_D12_L2_A010,13,55.809,25.749,-1208.805,55.809,-25.749,1208.805,127.437,-2.315,4.193,정상
WELD_D12_L2_A010,14,33.388,27.24,-1204.97,33.388,-27.24,1204.97,149.996,-4.704,1.958,정상
WELD_D12_L2_A010,15,26.015,26.272,-1203.778,26.015,-26.272,1203.778,157.518,-4.495,2.287,정상
WELD_D12_L2_A010,16,18.742,24.261,-1202.437,18.742,-24.261,1202.437,165.043,-3.729,3.516,정상
WELD_D12_L2_A010,17,10.855,23.936,-1201.16,10.855,-23.936,1201.16,173.034,-3.966,3.329,정상
WELD_D12_L2_A010,18,3.928,22.68,-1200.341,3.928,-22.68,1200.341,180.082,-3.316,3.71,정상
WELD_D12_L2_A010,19,-0.3,22.775,-1199.891,-0.3,-22.775,1199.891,184.308,-3.438,3.257,정상
WELD_D12_L2_A010,20,-7.707,21.166,-1199.291,-7.707,-21.166,1199.291,191.823,-2.362,3.692,정상
WELD_D12_L2_A010,21,-33.053,18.799,-1198.068,-33.053,-18.799,1198.068,217.166,-0.077,2.273,정상
WELD_D12_L2_A010,22,-52.324,17.119,-1193.867,-52.324,-17.119,1193.867,236.924,-0.902,3.171,정상
WELD_D12_L2_A010,23,-55.908,15.796,-1192.993,-55.908,-15.796,1192.993,240.69,-0.473,4.164,정상
WELD_D12_L2_A010,24,-60.167,16.561,-1192.404,-60.167,-16.561,1192.404,244.917,-1.132,3.286,정상
WELD_D12_L2_A010,25,-74.426,16.624,-1192.235,-74.426,-16.624,1192.235,258.987,-0.355,1.102,정상
WELD_D12_L2_A010,26,-81.91,16.426,-1191.415,-81.91,-16.426,1191.415,266.502,-0.352,0.593,정상
WELD_D12_L2_A010,27,-85.494,15.058,-1190.573,-85.494,-15.058,1190.573,270.268,0.131,1.6,정상
WELD_D12_L2_A010,28,-96.401,13.23,-1187.892,-96.401,-13.23,1187.892,281.563,-0.0,2.966,정상
WELD_D12_L2_A020,0,-115.508,9.734,-1184.21,-115.508,-9.734,1184.21,0.0,0.0,0.0,정상
WELD_D12_L2_A020,1,-100.859,13.508,-1186.847,-100.859,-13.508,1186.847,15.295,0.776,-1.109,정상
WELD_D12_L2_A020,2,-97.467,13.383,-1187.547,-97.467,-13.383,1187.547,18.643,1.448,-0.513,정상
WELD_D12_L2_A020,3,-83.956,15.591,-1192.008,-83.956,-15.591,1192.008,32.99,1.338,0.699,정상
WELD_D12_L2_A020,4,-63.814,17.442,-1198.531,-63.814,-17.442,1198.531,54.034,2.077,3.582,정상
WELD_D12_L2_A020,5,-40.219,25.879,-1203.5,-40.219,-25.879,1203.5,79.366,1.46,0.342,정상
WELD_D12_L2_A020,6,-26.756,29.057,-1209.2,-26.756,-29.057,1209.2,94.194,-0.148,1.521,정상
WELD_D12_L2_A020,7,-15.348,31.93,-1215.268,-15.348,-31.93,1215.268,107.112,-2.551,3.119,정상
WELD_D12_L2_A020,8,-6.523,37.249,-1217.485,-6.523,-37.249,1217.485,117.147,-4.265,0.392,정상
WELD_D12_L2_A020,9,-0.104,39.198,-1218.34,-0.104,-39.198,1218.34,123.838,-3.862,-0.51,정상
WELD_D12_L2_A020,10,7.718,40.866,-1217.98,7.718,-40.866,1217.98,131.48,-1.911,-1.886,정상
WELD_D12_L2_A020,11,23.441,40.259,-1220.396,23.441,-40.259,1220.396,146.78,1.844,0.4,정상
WELD_D12_L2_A020,12,41.555,44.401,-1226.831,41.555,-44.401,1226.831,166.387,0.69,1.352,정상
WELD_D12_L2_A020,13,46.163,46.739,-1228.436,46.163,-46.739,1228.436,171.646,-0.298,0.549,정상
WELD_D12_L2_A020,14,57.391,49.561,-1231.419,57.391,-49.561,1231.419,183.599,-0.392,0.332,정상
WELD_D12_L2_A020,15,72.784,52.156,-1234.189,72.784,-52.156,1234.189,199.374,1.192,0.262,정상
WELD_D12_L2_A020,16,88.632,56.856,-1237.228,88.632,-56.856,1237.228,216.102,1.545,-1.319,정상
WELD_D12_L2_A020,17,103.162,59.471,-1241.319,103.162,-59.471,1241.319,231.404,1.828,-0.632,정상
WELD_D12_L2_A020,18,108.312,59.595,-1242.814,108.312,-59.595,1242.814,236.665,2.344,0.281,정상
WELD_D12_L2_A020,19,127.767,65.127,-1248.718,127.767,-65.127,1248.718,257.702,1.262,-0.167,정상
WELD_D12_L2_A020,20,136.357,67.811,-1252.204,136.357,-67.811,1252.204,267.267,-0.016,-0.03,정상
WELD_D12_L2_A020,21,154.464,69.453,-1258.938,154.464,-69.453,1258.938,286.401,0.0,3.101,정상
WELD_D12_L2_A030,0,-99.012,3.501,-1171.078,-99.012,-3.501,1171.078,0.0,0.0,0.0,정상
WELD_D12_L2_A030,1,-94.376,6.353,-1171.04,-94.376,-6.353,1171.04,4.958,2.236,-0.232,정상
WELD_D12_L2_A030,2,-87.007,9.276,-1169.86,-87.007,-9.276,1169.86,11.9,6.011,1.106,정상
WELD_D12_L2_A030,3,-76.44,13.855,-1171.831,-76.44,-13.855,1171.831,23.325,8.434,1.455,정상
WELD_D12_L2_A030,4,-65.824,17.391,-1177.392,-65.824,-17.391,1177.392,35.766,7.276,1.459,정상
WELD_D12_L2_A030,5,-59.582,19.089,-1182.798,-59.582,-19.089,1182.798,43.74,4.569,1.044,정상
WELD_D12_L2_A030,6,-51.558,20.98,-1187.865,-51.558,-20.98,1187.865,53.203,2.584,1.395,정상
WELD_D12_L2_A030,7,-41.263,25.275,-1190.751,-41.263,-25.275,1190.751,64.633,4.032,1.542,정상
WELD_D12_L2_A030,8,-33.474,28.974,-1190.594,-33.474,-28.974,1190.594,72.571,7.362,2.083,정상
WELD_D12_L2_A030,9,-19.163,35.085,-1193.141,-19.163,-35.085,1193.141,87.968,10.707,2.672,정상
WELD_D12_L2_A030,10,-11.653,38.738,-1196.446,-11.653,-38.738,1196.446,96.916,10.966,1.94,정상
WELD_D12_L2_A030,11,3.094,41.664,-1203.626,3.094,-41.664,1203.626,113.348,8.908,3.766,정상
WELD_D12_L2_A030,12,11.493,41.696,-1208.128,11.493,-41.696,1208.128,122.323,6.621,6.011,정상
WELD_D12_L2_A030,13,18.129,43.945,-1213.453,18.129,-43.945,1213.453,130.791,4.315,5.349,정상
WELD_D12_L2_A030,14,30.61,47.439,-1221.439,30.61,-47.439,1221.439,145.731,1.393,5.404,정상
WELD_D12_L2_A030,15,38.374,50.586,-1225.972,38.374,-50.586,1225.972,155.185,0.403,4.786,정상
WELD_D12_L2_A030,16,46.102,54.118,-1228.865,46.102,-54.118,1228.865,164.132,1.004,4.395,정상
WELD_D12_L2_A030,17,49.511,56.288,-1229.659,49.511,-56.288,1229.659,168.102,1.97,3.883,정상
WELD_D12_L2_A030,18,67.112,62.541,-1233.779,67.112,-62.541,1233.779,186.989,4.644,5.309,정상
WELD_D12_L2_A030,19,72.375,65.161,-1235.196,72.375,-65.161,1235.196,192.949,5.632,5.055,정상
WELD_D12_L2_A030,20,81.824,69.183,-1238.994,81.824,-69.183,1238.994,203.887,6.004,4.731,정상
WELD_D12_L2_A030,21,85.178,72.139,-1240.571,85.178,-72.139,1240.571,208.354,6.646,3.279,정상
WELD_D12_L2_A030,22,96.15,76.693,-1245.712,96.15,-76.693,1245.712,221.285,6.391,2.75,정상
WELD_D12_L2_A030,23,109.518,81.38,-1250.462,109.518,-81.38,1250.462,236.203,6.991,3.331,정상
WELD_D12_L2_A030,24,121.599,87.85,-1253.919,121.599,-87.85,1253.919,250.11,9.292,2.302,정상
WELD_D12_L2_A030,25,128.649,91.615,-1256.854,128.649,-91.615,1256.854,258.559,9.836,1.397,정상
WELD_D12_L2_A030,26,138.113,96.298,-1262.756,138.113,-96.298,1262.756,270.497,8.696,-0.183,정상
WELD_D12_L2_A030,27,146.292,99.034,-1269.418,146.292,-99.034,1269.418,280.958,5.752,-1.002,정상
WELD_D12_L2_A030,28,149.221,99.532,-1272.905,149.221,-99.532,1272.905,284.95,3.521,-1.275,정상
WELD_D12_L2_A030,29,160.037,101.778,-1280.549,160.037,-101.778,1280.549,297.906,0.0,-0.831,정상
WELD_D12_L2_A040,0,-100.341,-25.829,-1152.958,-100.341,25.829,1152.958,0.0,0.0,0.0,정상
WELD_D12_L2_A040,1,-95.545,-23.352,-1153.974,-95.545,23.352,1153.974,5.239,1.63,0.256,정상
WELD_D12_L2_A040,2,-82.648,-14.928,-1155.49,-82.648,14.928,1155.49,19.563,7.425,-0.649,정상
WELD_D12_L2_A040,3,-73.933,-8.694,-1158.719,-73.933,8.694,1158.719,30.517,9.499,-1.623,정상
WELD_D12_L2_A040,4,-54.47,-0.391,-1168.783,-54.47,0.391,1168.783,53.752,10.529,1.228,정상
WELD_D12_L2_A040,5,-43.548,7.738,-1174.693,-43.548,-7.738,1174.693,68.494,11.543,-0.176,정상
WELD_D12_L2_A040,6,-32.929,13.633,-1182.16,-32.929,-13.633,1182.16,82.713,10.622,0.29,정상
WELD_D12_L2_A040,7,-24.931,15.805,-1189.293,-24.931,-15.805,1189.293,93.094,8.159,2.687,정상
WELD_D12_L2_A040,8,-9.508,22.496,-1202.292,-9.508,-22.496,1202.292,113.899,4.56,5.096,정상
WELD_D12_L2_A040,9,-3.243,26.811,-1207.212,-3.243,-26.811,1207.212,122.91,3.724,4.668,정상
WELD_D12_L2_A040,10,0.219,27.798,-1209.738,0.219,-27.798,1209.738,127.163,3.162,5.637,정상
WELD_D12_L2_A040,11,9.912,34.099,-1215.321,9.912,-34.099,1215.321,139.987,3.587,5.202,정상
WELD_D12_L2_A040,12,15.923,37.696,-1216.35,15.923,-37.696,1216.35,146.663,5.941,5.083,정상
WELD_D12_L2_A040,13,27.364,48.441,-1220.009,27.364,-48.441,1220.009,161.94,9.666,1.551,정상
WELD_D12_L2_A040,14,31.835,51.607,-1222.885,31.835,-51.607,1222.885,168.114,9.646,1.139,정상
WELD_D12_L2_A040,15,46.699,58.556,-1234.55,46.699,-58.556,1234.55,187.99,7.036,2.983,정상
WELD_D12_L2_A040,16,50.297,59.234,-1237.146,50.297,-59.234,1237.146,192.238,6.412,4.291,정상
WELD_D12_L2_A040,17,66.514,67.351,-1248.56,66.514,-67.351,1248.56,213.556,4.826,5.773,정상
WELD_D12_L2_A040,18,76.285,75.094,-1255.659,76.285,-75.094,1255.659,227.803,4.223,4.197,정상
WELD_D12_L2_A040,19,83.232,85.374,-1261.913,83.232,-85.374,1261.913,240.67,3.645,-1.015,정상
WELD_D12_L2_A040,20,90.376,90.768,-1267.416,90.376,-90.768,1267.416,251.111,2.876,-1.919,정상
WELD_D12_L2_A040,21,95.046,92.898,-1270.936,95.046,-92.898,1270.936,257.264,2.173,-1.301,정상
WELD_D12_L2_A040,22,101.98,97.346,-1275.664,101.98,-97.346,1275.664,266.753,1.818,-1.524,정상
WELD_D12_L2_A040,23,104.639,97.418,-1277.333,104.639,-97.418,1277.333,269.581,1.495,-0.197,정상
WELD_D12_L2_A040,24,113.288,101.759,-1283.41,113.288,-101.759,1283.41,280.95,0.66,0.583,정상
WELD_D12_L2_A040,25,116.125,102.044,-1285.593,116.125,-102.044,1285.593,284.249,0.0,1.838,정상
WELD_D12_L2_A050,0,112.859,107.566,-1299.894,112.859,-107.566,1299.894,0.0,0.0,0.0,정상
WELD_D12_L2_A050,1,100.741,102.151,-1290.565,100.741,-102.151,1290.565,15.95,-1.968,-2.218,정상
WELD_D12_L2_A050,2,96.629,101.872,-1286.996,96.629,-101.872,1286.996,20.807,-3.971,-3.678,정상
WELD_D12_L2_A050,3,88.381,99.147,-1279.25,88.381,-99.147,1279.25,31.949,-6.981,-5.173,정상
WELD_D12_L2_A050,4,84.933,98.897,-1274.822,84.933,-98.897,1274.822,36.816,-9.709,-5.826,정상
WELD_D12_L2_A050,5,74.857,93.635,-1260.103,74.857,-93.635,1260.103,54.275,-15.983,-4.518,정상
WELD_D12_L2_A050,6,69.248,88.55,-1253.992,69.248,-88.55,1253.992,63.926,-16.502,-3.409,정상
WELD_D12_L2_A050,7,65.548,86.942,-1249.374,65.548,-86.942,1249.374,69.744,-18.44,-3.418,정상
WELD_D12_L2_A050,8,61.628,83.141,-1245.319,61.628,-83.141,1245.319,76.495,-18.478,-2.59,정상
WELD_D12_L2_A050,9,58.361,81.34,-1242.138,58.361,-81.34,1242.138,81.331,-19.274,-2.738,정상
WELD_D12_L2_A050,10,57.203,79.682,-1241.57,57.203,-79.682,1241.57,83.246,-18.465,-2.443,정상
WELD_D12_L2_A050,11,38.343,66.139,-1229.54,38.343,-66.139,1229.54,109.257,-16.286,-4.03,정상
WELD_D12_L2_A050,12,26.519,53.296,-1224.205,26.519,-53.296,1224.205,126.525,-10.393,-3.475,정상
WELD_D12_L2_A050,13,18.283,45.103,-1218.946,18.283,-45.103,1218.946,139.024,-7.93,-2.902,정상
WELD_D12_L2_A050,14,10.563,40.492,-1211.434,10.563,-40.492,1211.434,150.624,-9.57,-3.054,정상
WELD_D12_L2_A050,15,7.228,39.896,-1207.193,7.228,-39.896,1207.193,155.485,-11.943,-3.505,정상
WELD_D12_L2_A050,16,-3.7,34.926,-1192.365,-3.7,-34.926,1192.365,173.43,-18.397,-2.941,정상
WELD_D12_L2_A050,17,-11.38,30.247,-1184.868,-11.38,-30.247,1184.868,185.03,-19.985,-3.032,정상
WELD_D12_L2_A050,18,-18.427,23.055,-1181.658,-18.427,-23.055,1181.658,195.107,-16.804,-2.945,정상
WELD_D12_L2_A050,19,-22.523,18.284,-1180.539,-22.523,-18.284,1180.539,200.85,-14.01,-2.86,정상
WELD_D12_L2_A050,20,-25.863,13.411,-1180.368,-25.863,-13.411,1180.368,205.617,-10.531,-2.536,정상
WELD_D12_L2_A050,21,-29.4,9.798,-1179.244,-29.4,-9.798,1179.244,210.409,-8.572,-2.682,정상
WELD_D12_L2_A050,22,-36.31,4.129,-1175.315,-36.31,-4.129,1175.315,220.029,-6.95,-3.059,정상
WELD_D12_L2_A050,23,-44.398,-0.317,-1168.107,-44.398,0.317,1168.107,231.628,-8.435,-3.692,정상
WELD_D12_L2_A050,24,-49.813,-3.855,-1162.079,-49.813,3.855,1162.079,240.332,-9.943,-3.334,정상
WELD_D12_L2_A050,25,-51.363,-3.601,-1159.289,-51.363,3.601,1159.289,242.777,-12.004,-3.517,정상
WELD_D12_L2_A050,26,-58.054,-8.115,-1151.296,-58.054,8.115,1151.296,253.902,-14.175,-2.78,정상
WELD_D12_L2_A050,27,-60.902,-9.164,-1147.774,-60.902,9.164,1147.774,258.268,-15.769,-2.904,정상
WELD_D12_L2_A050,28,-64.692,-12.305,-1144.724,-64.692,12.305,1144.724,264.051,-15.519,-2.743,정상
WELD_D12_L2_A050,29,-71.792,-20.655,-1143.579,-71.792,20.655,1143.579,273.61,-10.036,-2.862,정상
WELD_D12_L2_A050,30,-84.743,-33.738,-1143.473,-84.743,33.738,1143.473,288.887,-0.0,-5.051,정상
WELD_D12_L2_A130,0,141.941,-48.086,-1140.053,141.941,48.086,1140.053,0.0,0.0,0.0,정상
WELD_D12_L2_A130,1,132.946,-41.001,-1143.462,132.946,41.001,1143.462,11.63,2.487,-1.14,정상
WELD_D12_L2_A130,2,130.782,-38.57,-1143.696,130.782,38.57,1143.696,14.543,3.956,-1.102,정상
WELD_D12_L2_A130,3,126.561,-35.847,-1145.709,126.561,35.847,1145.709,19.869,4.461,-1.915,정상
WELD_D12_L2_A130,4,116.976,-26.601,-1153.686,116.976,26.601,1153.686,35.362,4.406,-0.934,정상
WELD_D12_L2_A130,5,114.047,-24.788,-1155.522,114.047,24.788,1155.522,39.233,4.351,-1.434,정상
WELD_D12_L2_A130,6,100.619,-10.315,-1161.307,100.619,10.315,1161.307,59.113,9.553,-0.474,정상
WELD_D12_L2_A130,7,96.864,-7.244,-1163.554,96.864,7.244,1163.554,64.44,9.967,-0.666,정상
WELD_D12_L2_A130,8,83.862,1.634,-1173.197,83.862,-1.634,1173.197,82.826,8.925,-1.975,정상
WELD_D12_L2_A130,9,77.753,8.218,-1177.133,77.753,-8.218,1177.133,92.518,10.209,-1.203,정상
WELD_D12_L2_A130,10,73.316,11.959,-1180.635,73.316,-11.959,1180.635,99.294,10.056,-1.142,정상
WELD_D12_L2_A130,11,58.866,23.174,-1194.476,58.866,-23.174,1194.476,122.03,7.021,-0.935,정상
WELD_D12_L2_A130,12,52.568,29.204,-1198.775,52.568,-29.204,1198.775,131.717,7.743,-0.562,정상
WELD_D12_L2_A130,13,34.303,43.535,-1211.828,34.303,-43.535,1211.828,158.339,7.675,-1.341,정상
WELD_D12_L2_A130,14,25.848,52.526,-1218.688,25.848,-52.526,1218.688,172.384,8.215,0.012,정상
WELD_D12_L2_A130,15,18.736,58.281,-1225.112,18.736,-58.281,1225.112,183.513,7.169,0.164,정상
WELD_D12_L2_A130,16,15.244,59.742,-1228.524,15.244,-59.742,1228.524,188.343,5.718,-0.565,정상
WELD_D12_L2_A130,17,7.87,64.486,-1234.749,7.87,-64.486,1234.749,198.984,4.344,-1.299,정상
WELD_D12_L2_A130,18,-5.396,75.632,-1244.434,-5.396,-75.632,1244.434,218.832,4.517,-1.343,정상
WELD_D12_L2_A130,19,-10.715,81.631,-1247.165,-10.715,-81.631,1247.165,227.074,6.353,-0.679,정상
WELD_D12_L2_A130,20,-20.501,89.021,-1253.057,-20.501,-89.021,1253.057,240.631,7.078,-1.564,정상
WELD_D12_L2_A130,21,-22.34,91.161,-1254.046,-22.34,-91.161,1254.046,243.54,7.711,-1.28,정상
WELD_D12_L2_A130,22,-25.533,93.724,-1256.638,-25.533,-93.724,1256.638,248.379,7.473,-1.3,정상
WELD_D12_L2_A130,23,-34.439,101.326,-1265.404,-34.439,-101.326,1265.404,262.894,5.773,-0.673,정상
WELD_D12_L2_A130,24,-36.312,102.786,-1268.07,-36.312,-102.786,1268.07,266.276,4.66,-0.418,정상
WELD_D12_L2_A130,25,-40.188,103.755,-1271.516,-40.188,-103.755,1271.516,271.104,2.984,-1.732,정상
WELD_D12_L2_A130,26,-45.521,107.384,-1276.853,-45.521,-107.384,1276.853,279.324,1.404,-1.922,정상
WELD_D12_L2_A130,27,-51.135,113.659,-1283.728,-51.135,-113.659,1283.728,289.97,-0.0,-0.234,정상
WELD_D12_L2_A140,0,147.797,-34.047,-1149.288,147.797,34.047,1149.288,0.0,0.0,0.0,정상
WELD_D12_L2_A140,1,139.2,-28.655,-1151.914,139.2,28.655,1151.914,10.267,-2.078,0.39,정상
WELD_D12_L2_A140,2,135.079,-25.512,-1152.466,135.079,25.512,1152.466,15.138,-3.929,0.299,정상
WELD_D12_L2_A140,3,131.6,-22.399,-1151.898,131.6,22.399,1151.898,19.01,-6.59,0.092,정상
WELD_D12_L2_A140,4,118.881,-13.329,-1155.634,118.881,13.329,1155.634,34.646,-10.263,-0.144,정상
WELD_D12_L2_A140,5,111.975,-11.413,-1161.791,111.975,11.413,1161.791,43.546,-7.369,1.153,정상
WELD_D12_L2_A140,6,101.341,-5.372,-1170.446,101.341,5.372,1170.446,58.331,-4.959,0.941,정상
WELD_D12_L2_A140,7,91.738,1.644,-1172.891,91.738,-1.644,1172.891,70.049,-8.132,0.714,정상
WELD_D12_L2_A140,8,84.585,5.199,-1175.577,84.585,-5.199,1175.577,78.377,-9.024,1.649,정상
WELD_D12_L2_A140,9,77.511,10.693,-1176.217,77.511,-10.693,1176.217,86.65,-12.513,1.483,정상
WELD_D12_L2_A140,10,51.756,27.025,-1194.486,51.756,-27.025,1194.486,122.071,-9.753,0.244,정상
WELD_D12_L2_A140,11,29.887,38.218,-1207.028,29.887,-38.218,1207.028,149.589,-8.848,1.906,정상
WELD_D12_L2_A140,12,11.686,51.223,-1213.757,11.686,-51.223,1213.757,172.584,-12.911,1.246,정상
WELD_D12_L2_A140,13,3.134,56.567,-1217.688,3.134,-56.567,1217.688,183.368,-13.821,1.362,정상
WELD_D12_L2_A140,14,-4.192,62.632,-1220.722,-4.192,-62.632,1220.722,193.155,-15.53,0.383,정상
WELD_D12_L2_A140,15,-11.109,66.957,-1224.137,-11.109,-66.957,1224.137,201.983,-16.06,0.423,정상
WELD_D12_L2_A140,16,-27.891,75.984,-1234.465,-27.891,-75.984,1234.465,223.614,-14.942,1.206,정상
WELD_D12_L2_A140,17,-34.352,81.297,-1238.768,-34.352,-81.297,1238.768,232.946,-15.016,0.017,정상
WELD_D12_L2_A140,18,-38.336,83.535,-1241.76,-38.336,-83.535,1241.76,238.363,-14.321,0.012,정상
WELD_D12_L2_A140,19,-39.59,84.083,-1243.506,-39.59,-84.083,1243.506,240.349,-13.334,-0.044,정상
WELD_D12_L2_A140,20,-44.045,87.348,-1246.806,-44.045,-87.348,1246.806,246.743,-12.924,-0.628,정상
WELD_D12_L2_A140,21,-58.468,92.378,-1261.308,-58.468,-92.378,1261.308,266.536,-5.89,0.928,정상
WELD_D12_L2_A140,22,-67.716,96.148,-1268.07,-67.716,-96.148,1268.07,278.365,-3.823,2.057,정상
WELD_D12_L2_A140,23,-73.341,100.292,-1275.231,-73.341,-100.292,1275.231,287.766,-0.707,0.649,정상
WELD_D12_L2_A140,24,-77.585,103.622,-1278.845,-77.585,-103.622,1278.845,294.168,0.0,-0.18,정상
WELD_D12_L2_A150,0,132.013,-27.077,-1150.99,132.013,27.077,1150.99,0.0,0.0,0.0,정상
WELD_D12_L2_A150,1,118.814,-19.722,-1154.993,118.814,19.722,1154.993,15.511,-1.428,-1.291,정상
WELD_D12_L2_A150,2,113.039,-17.273,-1157.666,113.039,17.273,1157.666,22.312,-0.945,-1.396,정상
WELD_D12_L2_A150,3,110.177,-17.005,-1160.225,110.177,17.005,1160.225,25.732,0.751,-0.906,정상
WELD_D12_L2_A150,4,104.967,-15.384,-1163.924,104.967,15.384,1163.924,32.066,2.572,-0.78,정상
WELD_D12_L2_A150,5,98.351,-12.172,-1167.999,98.351,12.172,1167.999,40.336,3.918,-1.476,정상
WELD_D12_L2_A150,6,90.64,-10.144,-1173.543,90.64,10.144,1173.543,49.596,6.802,-0.984,정상
WELD_D12_L2_A150,7,87.801,-8.6,-1174.63,87.801,8.6,1174.63,52.993,6.715,-1.278,정상
WELD_D12_L2_A150,8,76.657,-3.116,-1177.295,76.657,3.116,1177.295,65.588,5.098,-1.582,정상
WELD_D12_L2_A150,9,68.504,1.438,-1176.995,68.504,-1.438,1176.995,74.275,1.663,-1.772,정상
WELD_D12_L2_A150,10,54.71,7.359,-1177.927,54.71,-7.359,1177.927,88.778,-2.219,-0.871,정상
WELD_D12_L2_A150,11,43.772,11.291,-1181.477,43.772,-11.291,1181.477,100.905,-2.454,-0.123,정상
WELD_D12_L2_A150,12,22.634,18.411,-1193.104,22.634,-18.411,1193.104,125.711,1.638,0.675,정상
WELD_D12_L2_A150,13,10.71,21.974,-1200.567,10.71,-21.974,1200.567,139.829,4.931,1.316,정상
WELD_D12_L2_A150,14,7.001,23.536,-1202.313,7.001,-23.536,1202.313,144.201,5.273,1.251,정상
WELD_D12_L2_A150,15,-0.559,28.83,-1204.35,-0.559,-28.83,1204.35,153.405,3.851,-0.366,정상
WELD_D12_L2_A150,16,-8.082,33.509,-1207.232,-8.082,-33.509,1207.232,162.622,3.424,-1.657,정상
WELD_D12_L2_A150,17,-19.462,37.651,-1212.406,-19.462,-37.651,1212.406,175.739,4.523,-1.253,정상
WELD_D12_L2_A150,18,-22.531,37.833,-1214.489,-22.531,-37.833,1214.489,179.152,5.77,-0.488,정상
WELD_D12_L2_A150,19,-31.416,40.118,-1217.984,-31.416,-40.118,1217.984,188.865,6.45,0.768,정상
WELD_D12_L2_A150,20,-38.208,43.362,-1219.966,-38.208,-43.362,1219.966,196.621,5.828,0.589,정상
WELD_D12_L2_A150,21,-61.275,51.164,-1223.79,-61.275,-51.164,1223.79,220.829,2.132,3.405,정상
WELD_D12_L2_A150,22,-68.649,55.406,-1222.935,-68.649,-55.406,1222.935,228.542,-1.554,3.257,정상
WELD_D12_L2_A150,23,-76.626,61.769,-1222.515,-76.626,-61.769,1222.515,237.708,-5.68,1.452,정상
WELD_D12_L2_A150,24,-80.862,64.338,-1223.128,-80.862,-64.338,1223.128,242.545,-6.827,1.007,정상
WELD_D12_L2_A150,25,-91.963,69.128,-1226.745,-91.963,-69.128,1226.745,255.156,-7.324,1.072,정상
WELD_D12_L2_A150,26,-103.636,75.212,-1233.441,-103.636,-75.212,1233.441,269.742,-5.543,-0.408,정상
WELD_D12_L2_A150,27,-104.146,77.395,-1235.624,-104.146,-77.395,1235.624,271.703,-4.38,-2.551,정상
WELD_D12_L2_A150,28,-107.186,80.471,-1238.988,-107.186,-80.471,1238.988,276.58,-2.933,-4.586,정상
WELD_D12_L2_A150,29,-117.701,86.994,-1246.851,-117.701,-86.994,1246.851,290.699,-0.0,-7.229,정상
WELD_D12_L2_A160,0,137.424,-30.722,-1162.821,137.424,30.722,1162.821,0.0,0.0,0.0,정상
WELD_D12_L2_A160,1,119.261,-25.141,-1164.178,119.261,25.141,1164.178,18.798,-3.046,0.489,정상
WELD_D12_L2_A160,2,95.307,-18.528,-1170.687,95.307,18.528,1170.687,44.453,-2.39,1.641,정상
WELD_D12_L2_A160,3,77.436,-10.364,-1174.226,77.436,10.364,1174.226,64.267,-3.548,-0.5,정상
WELD_D12_L2_A160,4,68.725,-8.147,-1176.234,68.725,8.147,1176.234,73.456,-3.637,0.112,정상
WELD_D12_L2_A160,5,58.071,-4.102,-1178.509,58.071,4.102,1178.509,85.059,-4.074,-0.393,정상
WELD_D12_L2_A160,6,54.267,-3.779,-1179.636,54.267,3.779,1179.636,88.934,-3.796,0.474,정상
WELD_D12_L2_A160,7,47.161,-1.415,-1181.625,47.161,1.415,1181.625,96.68,-3.591,0.432,정상
WELD_D12_L2_A160,8,40.501,1.622,-1184.625,40.501,-1.622,1184.625,104.45,-2.388,-0.432,정상
WELD_D12_L2_A160,9,36.019,2.427,-1186.666,36.019,-2.427,1186.666,109.309,-1.416,0.158,정상
WELD_D12_L2_A160,10,32.804,4.265,-1188.211,32.804,-4.265,1188.211,113.195,-0.783,-0.615,정상
WELD_D12_L2_A160,11,21.828,8.391,-1191.259,21.828,-8.391,1191.259,125.297,-0.544,-1.127,정상
WELD_D12_L2_A160,12,-14.594,18.663,-1199.481,-14.594,-18.663,1199.481,163.984,-1.2,0.49,정상
WELD_D12_L2_A160,13,-23.602,20.93,-1200.092,-23.602,-20.93,1200.092,173.14,-2.714,1.21,정상
WELD_D12_L2_A160,14,-29.873,23.736,-1200.519,-29.873,-23.736,1200.519,179.888,-3.906,0.549,정상
WELD_D12_L2_A160,15,-37.671,27.366,-1199.9,-37.671,-27.366,1199.9,188.055,-6.521,-0.357,정상
WELD_D12_L2_A160,16,-48.506,33.203,-1201.081,-48.506,-33.203,1201.081,200.115,-8.261,-2.454,정상
WELD_D12_L2_A160,17,-62.65,36.186,-1203.262,-62.65,-36.186,1203.262,214.6,-9.386,-0.83,정상
WELD_D12_L2_A160,18,-67.161,36.286,-1203.883,-67.161,-36.286,1203.883,218.944,-9.721,0.496,정상
WELD_D12_L2_A160,19,-70.992,37.272,-1203.922,-70.992,-37.272,1203.922,222.794,-10.582,0.791,정상
WELD_D12_L2_A160,20,-91.002,45.466,-1207.158,-91.002,-45.466,1207.158,244.525,-12.477,-0.68,정상
WELD_D12_L2_A160,21,-105.004,48.7,-1211.928,-105.004,-48.7,1211.928,259.553,-11.084,0.551,정상
WELD_D12_L2_A160,22,-108.989,49.282,-1214.189,-108.989,-49.282,1214.189,263.936,-9.771,1.182,정상
WELD_D12_L2_A160,23,-117.671,51.764,-1220.581,-117.671,-51.764,1220.581,274.19,-5.623,1.348,정상
WELD_D12_L2_A160,24,-130.336,57.676,-1229.732,-130.336,-57.676,1229.732,289.804,-0.0,-0.572,정상
WELD_D12_L2_A170,0,136.7,-1.225,-1186.559,136.7,1.225,1186.559,0.0,0.0,0.0,정상
WELD_D12_L2_A170,1,128.976,0.292,-1186.313,128.976,-0.292,1186.313,7.773,1.264,-0.053,정상
WELD_D12_L2_A170,2,121.172,2.901,-1183.821,121.172,-2.901,1183.821,15.516,4.973,0.399,정상
WELD_D12_L2_A170,3,106.01,5.71,-1181.841,106.01,-5.71,1181.841,30.559,8.854,-0.214,정상
WELD_D12_L2_A170,4,99.686,6.082,-1182.465,99.686,-6.082,1182.465,36.887,8.874,-0.896,정상
WELD_D12_L2_A170,5,89.123,6.4,-1185.143,89.123,-6.4,1185.143,47.617,7.253,-1.943,정상
WELD_D12_L2_A170,6,84.793,6.136,-1186.724,84.793,-6.136,1186.724,52.013,6.022,-2.637,정상
WELD_D12_L2_A170,7,81.213,3.931,-1188.99,81.213,-3.931,1188.99,55.45,3.582,-4.884,정상
WELD_D12_L2_A170,8,75.493,4.559,-1190.166,75.493,-4.559,1190.166,61.298,3.084,-5.079,정상
WELD_D12_L2_A170,9,62.178,7.444,-1191.139,62.178,-7.444,1191.139,74.919,3.982,-4.588,정상
WELD_D12_L2_A170,10,55.306,11.55,-1190.245,55.306,-11.55,1190.245,82.192,6.448,-2.161,정상
WELD_D12_L2_A170,11,51.976,12.689,-1189.877,51.976,-12.689,1189.877,85.589,7.368,-1.782,정상
WELD_D12_L2_A170,12,36.743,16.453,-1190.196,36.743,-16.453,1190.196,101.144,9.278,-0.962,정상
WELD_D12_L2_A170,13,25.725,17.327,-1192.442,25.725,-17.327,1192.442,112.354,8.251,-1.665,정상
WELD_D12_L2_A170,14,16.723,17.931,-1195.315,16.723,-17.931,1195.315,121.627,6.383,-2.102,정상
WELD_D12_L2_A170,15,10.9,17.455,-1197.181,10.9,-17.455,1197.181,127.486,4.95,-3.21,정상
WELD_D12_L2_A170,16,-0.994,20.962,-1200.932,-0.994,-20.962,1200.932,140.167,3.207,-1.214,정상
WELD_D12_L2_A170,17,-18.412,22.172,-1203.19,-18.412,-22.172,1203.19,157.697,2.787,-2.789,정상
WELD_D12_L2_A170,18,-25.88,22.42,-1202.699,-25.88,-22.42,1202.699,164.984,3.946,-4.062,정상
WELD_D12_L2_A170,19,-33.581,23.58,-1203.16,-33.581,-23.58,1203.16,172.767,4.436,-4.287,정상
WELD_D12_L2_A170,20,-41.01,26.911,-1202.856,-41.01,-26.911,1202.856,180.536,6.186,-2.567,정상
WELD_D12_L2_A170,21,-49.167,28.291,-1203.353,-49.167,-28.291,1203.353,188.805,6.734,-2.659,정상
WELD_D12_L2_A170,22,-56.206,30.865,-1203.212,-56.206,-30.865,1203.212,196.091,8.104,-1.55,정상
WELD_D12_L2_A170,23,-71.059,33.85,-1203.638,-71.059,-33.85,1203.638,211.164,9.684,-1.378,정상
WELD_D12_L2_A170,24,-90.028,35.881,-1204.204,-90.028,-35.881,1204.204,230.129,11.231,-2.853,정상
WELD_D12_L2_A170,25,-101.48,37.806,-1205.486,-101.48,-37.806,1205.486,241.811,11.435,-2.858,정상
WELD_D12_L2_A170,26,-120.566,41.742,-1210.846,-120.566,-41.742,1210.846,261.805,8.848,-1.421,정상
WELD_D12_L2_A170,27,-128.291,43.783,-1214.108,-128.291,-43.783,1214.108,270.107,6.86,-0.158,정상
WELD_D12_L2_A170,28,-141.291,44.416,-1221.003,-141.291,-44.416,1221.003,283.807,1.454,-0.379,정상
WELD_D12_L2_A170,29,-148.837,45.176,-1223.363,-148.837,-45.176,1223.363,291.614,-0.0,-0.516,정상
